爱 - ài;to love;sound_files/001.mp3
八 - bā;eight;sound_files/002.mp3
爸爸 - bà ba;<informal> father;sound_files/003.mp3
杯子 - bēi zi;cup;sound_files/004.mp3
北京 - Běi jīng;Beijing;sound_files/005.mp3
书 - Shū;book;sound_files/006.mp3
根 - Gēn;root;sound_files/007.mp3
不客气 - bù kè qi;you're welcome;sound_files/008.mp3
不 - bù;<negative prefix>;sound_files/009.mp3
菜 - cài;dish (type of food);sound_files/010.mp3
茶 - chá;tea;sound_files/011.mp3
吃 - chī;to eat;sound_files/012.mp3
出租车 - chū zū chē;taxi;sound_files/013.mp3
打电话 - dǎ diàn huà;to make a telephone call;sound_files/014.mp3
大 - dà;big;sound_files/015.mp3
的 - de;of;sound_files/016.mp3
点 - diǎn;point;sound_files/017.mp3
电脑 - diàn nǎo;computer;sound_files/018.mp3
电视 - diàn shì;television;sound_files/019.mp3
电影 - diàn yǐng;movie;sound_files/020.mp3
东西 - dōng xi;thing;sound_files/021.mp3
都 - dōu;all;sound_files/022.mp3
读 - dú;to read;sound_files/023.mp3
对不起 - duì bu qǐ;sorry (unworthy);sound_files/024.mp3
多 - duō;many;sound_files/025.mp3
多少 - duō shao;how much;sound_files/026.mp3
儿子 - ér zi;son;sound_files/027.mp3
二 - èr;two;sound_files/028.mp3
餐厅 - Cāntīng;restaurant;sound_files/029.mp3
飞机 - fēi jī;airplane;sound_files/030.mp3
分钟 - fēn zhōng;minute;sound_files/031.mp3
高兴 - gāo xìng;happy;sound_files/032.mp3
一个苹果 - Yī gè Píngguǒ;(one) an apple;sound_files/033.mp3
工作 - gōng zuò;to work;sound_files/034.mp3
狗 - gǒu;dog;sound_files/035.mp3
汉语 - Hàn yǔ;Chinese language;sound_files/036.mp3
好 - hǎo;good;sound_files/037.mp3
喝 - hē;to drink;sound_files/038.mp3
和 - hé;and;sound_files/039.mp3
很 - hěn;very;sound_files/040.mp3
后面 - hòu mian;rear / behind;sound_files/041.mp3
回 - huí;go back;sound_files/042.mp3
会 - huì;can;sound_files/043.mp3
火车站 - huǒ chē zhàn;train station;sound_files/044.mp3
几 - jǐ;how much;sound_files/045.mp3
家 - jiā;home;sound_files/046.mp3
在家 - zai jiā;at home;sound_files/047.mp3
叫 - jiào;to shout;sound_files/048.mp3
今天 - jīn tiān;today;sound_files/049.mp3
九 - jiǔ;nine;sound_files/050.mp3
开 - kāi;to open;sound_files/051.mp3
看 - kàn; look;sound_files/052.mp3
看见 - kàn jiàn;to see;sound_files/053.mp3
块 - kuài;piece;sound_files/054.mp3
来 - lái;to come;sound_files/055.mp3
老师 - lǎo shī;teacher;sound_files/056.mp3
了 - le;<past> <happend>;sound_files/057.mp3
冷 - lěng;cold;sound_files/058.mp3
里 - lǐ;in;sound_files/059.mp3
零 - líng;zero;sound_files/060.mp3
六 - liù;six;sound_files/061.mp3
妈妈 - mā ma;mama;sound_files/062.mp3
吗 - ma;<question tag>;sound_files/063.mp3
买 - mǎi;to buy;sound_files/064.mp3
猫 - māo;cat;sound_files/065.mp3
没 - méi;without;sound_files/066.mp3
没关系 - méi guān xi;it doesn't matter;sound_files/067.mp3
米饭 - mǐ fàn;(cooked) rice;sound_files/068.mp3
明天 - míng tiān;tomorrow;sound_files/069.mp3
名字 - míng zi;name;sound_files/070.mp3
哪 - nǎ;where;sound_files/071.mp3
那 - nà;that;sound_files/072.mp3
能 - néng;to be able to;sound_files/073.mp3
你 - nǐ;<informal> you;sound_files/074.mp3
年 - nián;year;sound_files/075.mp3
女儿 - nǚ ér;daughter;sound_files/076.mp3
朋友 - péng you;friend;sound_files/077.mp3
漂亮 - piào liang;pretty;sound_files/078.mp3
苹果 - píng guǒ;apple;sound_files/079.mp3
七 - qī;seven;sound_files/080.mp3
钱 - qián;money;sound_files/081.mp3
硬币 - Yìngbì;coin;sound_files/082.mp3
前面 - qián miàn;ahead;sound_files/083.mp3
请 - qǐng;please;sound_files/084.mp3
问 - Wèn;ask;sound_files/085.mp3
去 - qù;to go;sound_files/086.mp3
热 - rè;warm <or> to warm up;sound_files/087.mp3
人 - rén;man;sound_files/088.mp3
认识 - rèn shi;to know;sound_files/089.mp3
日 - rì;sun;sound_files/090.mp3
三 - sān;three;sound_files/091.mp3
商店 - shāng diàn;store;sound_files/092.mp3
上 - shàng;on top;sound_files/093.mp3
早上 - zǎo shang;morning;sound_files/094.mp3
少 - shǎo;few;sound_files/095.mp3
谁 - shéi;who;sound_files/096.mp3
什么 - shén me;what?;sound_files/097.mp3
十 - shí;ten;sound_files/098.mp3
时间 - shí jiān;time;sound_files/099.mp3
时候 - shí hou;moment;sound_files/100.mp3
是 - shì;is <or> yes;sound_files/101.mp3
书 - shū;book;sound_files/102.mp3
水 - shuǐ;water;sound_files/103.mp3
水果 - shuǐ guǒ;fruit;sound_files/104.mp3
睡觉 - shuì jiào;to go to bed;sound_files/105.mp3
说话 - shuō huà;to speak;sound_files/106.mp3
四 - sì;four;sound_files/107.mp3
岁 - suì;years of age;sound_files/108.mp3
他 - tā;he <or> him;sound_files/109.mp3
她 - tā;she;sound_files/110.mp3
太 - tài;too / overly;sound_files/111.mp3
天气 - tiān qì;weather;sound_files/112.mp3
听 - tīng;to listen;sound_files/113.mp3
同学 - tóng xué;classmate;sound_files/114.mp3
喂 - wèi;to feed;sound_files/115.mp3
我 - wǒ;I;sound_files/116.mp3
我们 - wǒ men;we;sound_files/117.mp3
五 - wǔ;five;sound_files/118.mp3
喜欢 - xǐ huan;to like;sound_files/119.mp3
下 - xià;down;sound_files/120.mp3
下午 - xià wǔ;afternoon;sound_files/121.mp3
下雨 - xià yǔ;to rain;sound_files/122.mp3
先生 - xiān sheng;sir;sound_files/123.mp3
现在 - xiàn zài;now;sound_files/124.mp3
想 - xiǎng;to think;sound_files/125.mp3
小 - xiǎo;small;sound_files/126.mp3
小姐 - xiǎo jie;young lady;sound_files/127.mp3
一些 - yī xiē;some;sound_files/128.mp3
写 - xiě;to write;sound_files/129.mp3
谢谢 - xiè xie;thanks;sound_files/130.mp3
星期 - xīng qī;week;sound_files/131.mp3
学生 - xué sheng;student;sound_files/132.mp3
学习 - xué xí;to learn;sound_files/133.mp3
学校 - xué xiào;school;sound_files/134.mp3
一 - yī;one;sound_files/135.mp3
衣服 - yī fu;clothes;sound_files/136.mp3
医生 - yī shēng;doctor;sound_files/137.mp3
医院 - yī yuàn;hospital;sound_files/138.mp3
椅子 - yǐ zi;chair;sound_files/139.mp3
有 - yǒu;to have;sound_files/140.mp3
月 - yuè;moon <or> month;sound_files/141.mp3
你在对他做什么 - nǐ zài duì tā zuò shénme;What are you doing to him?;sound_files/142.mp3
在哪个地方 - zài nǎ ge dì fāng;At which place?;sound_files/143.mp3
再见 - zài jiàn;goodbye;sound_files/144.mp3
怎么 - zěn me;how;sound_files/145.mp3
怎么样 - zěn me yàng;How about it?;sound_files/146.mp3
这 - zhè;this;sound_files/147.mp3
中国 - Zhōng guó;China;sound_files/148.mp3
中午 - zhōng wǔ;noon;sound_files/149.mp3
住 - zhù;to live;sound_files/150.mp3
桌子 - zhuō zi;table;sound_files/151.mp3
字 - zì;letter;sound_files/152.mp3
昨天 - zuó tiān;yesterday;sound_files/153.mp3
坐 - zuò;to sit;sound_files/154.mp3
做 - zuò;to do;sound_files/155.mp3