哎哟 - āi yō;hey
挨 - ái;to suffer
癌症 - ái zhèng;cancer
爱不释手 - ài bù shì shǒu;to love sth too much to part with it (idiom)
爱戴 - ài dài;to love and respect
暧昧 - ài mèi;vague
安居乐业 - ān jū lè yè;live in peace and work happily (idiom)
安宁 - ān níng;peaceful
安详 - ān xiáng;serene
安置 - ān zhì;to find a place for
暗示 - àn shì;to hint
案件 - àn jiàn;law case
案例 - àn lì;case (law)
按摩 - àn mó;massage
昂贵 - áng guì;expensive
凹凸 - āo tū;bumpy
熬 - áo;to cook on a slow fire
奥秘 - ào mì;secret
扒 - bā;to hold on to
疤 - bā;scar
巴不得 - bā bù dé;to be eager for
巴结 - bā jie;to fawn on
拔苗助长 - bá miáo zhù zhǎng;to spoil things through excessive enthusiasm (idiom)
把关 - bǎ guān;to guard a pass
把手 - bǎ shǒu;handle
把戏 - bǎ xì;acrobatics
霸道 - bà dào;the Way of the Hegemon
罢工 - bà gōng;a strike
掰 - bāi;to break with both hands
百分点 - bǎi fēn diǎn;percentage point
摆脱 - bǎi tuō;to break away from
拜访 - bài fǎng;to pay a visit
拜年 - bài nián;pay a New Year call
拜托 - bài tuō;to request sb to do sth
败坏 - bài huài;to ruin
颁布 - bān bù;to issue
颁发 - bān fā;to issue
斑纹 - bān wén;stripe
版本 - bǎn běn;version
半途而废 - bàn tú ér fèi;to give up halfway (idiom); leave sth unfinished
伴侣 - bàn lǚ;companion
伴随 - bàn suí;to accompany
扮演 - bàn yǎn;to play the role of
绑架 - bǎng jià;to kidnap
榜样 - bǎng yàng;example
磅 - bàng;see 磅秤 scale
包庇 - bāo bì;to shield
包袱 - bāo fu;cloth-wrapper
包围 - bāo wéi;to surround
包装 - bāo zhuāng;to pack
饱和 - bǎo hé;saturation
饱经沧桑 - bǎo jīng cāng sāng;having lived through many changes
保管 - bǎo guǎn;to assure
保密 - bǎo mì;to keep sth confidential
保姆 - bǎo mǔ;nanny
保守 - bǎo shǒu;(politically) conservative
保卫 - bǎo wèi;to defend
保养 - bǎo yǎng;to take good care of (or conserve) one's health
保障 - bǎo zhàng;to ensure
保重 - bǎo zhòng;to take care of oneself
抱负 - bào fù;aspiration
抱怨 - bào yuàn;to complain
报仇 - bào chóu;to take revenge
报酬 - bào chóu;reward
报答 - bào dá;to repay
报到 - bào dào;to report for duty
报复 - bào fù;to make reprisals
报社 - bào shè;general office of a newspaper
报销 - bào xiāo;to submit an expense account
爆发 - bào fā;to break out
爆炸 - bào zhà;explosion
曝光 - bào guāng;light meter
暴力 - bào lì;violence
暴露 - bào lù;to expose
悲哀 - bēi āi;grieved
悲惨 - bēi cǎn;miserable
卑鄙 - bēi bǐ;base
北极 - běi jí;the North Pole
被动 - bèi dòng;passive
被告 - bèi gào;defendant
背叛 - bèi pàn;to betray
背诵 - bèi sòng;recite
备份 - bèi fèn;backup
备忘录 - bèi wàng lù;memorandum
贝壳 - bèi ké;shell
奔波 - bēn bō;to rush about
奔驰 - bēn chí;to run quickly
本能 - běn néng;instinct
本钱 - běn qián;capital
本人 - běn rén;the person himself
本身 - běn shēn;itself
本事 - běn shi;ability
本着 - běn zhe;based on...
笨拙 - bèn zhuō;clumsy
崩溃 - bēng kuì;to collapse
甭 - béng;need not
蹦 - bèng;to jump
迸发 - bèng fā;to burst forth
逼迫 - bī pò;to force
鼻涕 - bí tì;nasal mucus
比方 - bǐ fang;analogy
比喻 - bǐ yù;to compare
比重 - bǐ zhòng;proportion
臂 - bì;arm
弊病 - bì bìng;malady
弊端 - bì duān;malpractice
必定 - bì dìng;be bound to
闭塞 - bì sè;to stop up
碧玉 - bì yù;jasper
鞭策 - biān cè;to spur on
编织 - biān zhī;to weave
边疆 - biān jiāng;border area
边界 - biān jiè;boundary
边境 - biān jìng;frontier
边缘 - biān yuán;edge
扁 - biǎn;flat
贬低 - biǎn dī;to belittle
贬义 - biǎn yì;derogatory sense
遍布 - biàn bù;to cover the whole (area)
便利 - biàn lì;convenient
便条 - biàn tiáo;(informal) note
便于 - biàn yú;easy to
变故 - biàn gù;an unforeseen event
变迁 - biàn qiān;changes
变质 - biàn zhì;to degenerate
辩护 - biàn hù;to speak in defense of
辩解 - biàn jiě;to explain
辩证 - biàn zhèng;to investigate
辨认 - biàn rèn;to recognize
辫子 - biàn zi;plait
标本 - biāo běn;specimen
标记 - biāo jì;sign
标题 - biāo tí;title
飙升 - biāo shēng;to rise rapidly
表决 - biǎo jué;to decide by vote
表态 - biǎo tài;to declare one's position
表彰 - biǎo zhāng;to honor
憋 - biē;to choke
别墅 - bié shù;villa
别致 - bié zhì;variant of 別緻|别致[bié zhì]
别扭 - biè niu;awkward
濒临 - bīn lín;on the verge of
冰雹 - bīng báo;hail
并存 - bìng cún;to exist at the same time
并非 - bìng fēi;really isn't
并列 - bìng liè;to stand side by side
拨打 - bō dǎ;to call
播放 - bō fàng;to broadcast
播种 - bō zhǒng;to sow seeds
波浪 - bō làng;wave
波涛汹涌 - bō tāo xiōng yǒng;waves surging forth
剥削 - bō xuē;to exploit
博大精深 - bó dà jīng shēn;wide-ranging and profound
博览会 - bó lǎn huì;exposition
搏斗 - bó dòu;to wrestle
伯母 - bó mǔ;wife of father's elder brother
薄弱 - bó ruò;weak
不顾 - bù gù;in spite of
不愧 - bù kuì;to be worthy of
不料 - bù liào;unexpectedly
不像话 - bù xiàng huà;unreasonable
不屑一顾 - bù xiè yī gù;to disdain as beneath contempt
补偿 - bǔ cháng;to compensate
补救 - bǔ jiù;to remedy
补贴 - bǔ tiē;to subsidize
哺乳 - bǔ rǔ;breast feeding
捕捉 - bǔ zhuō;to catch
不得已 - bù dé yǐ;to act against one's will
不妨 - bù fáng;there is no harm in
不敢当 - bù gǎn dāng;lit. I dare not (accept the honor); fig. I don't deserve your praise
不禁 - bù jīn;can't help (doing sth)
不堪 - bù kān;cannot bear
不可思议 - bù kě sī yì;inconceivable (idiom); unimaginable
不时 - bù shí;from time to time
不惜 - bù xī;not stint
不相上下 - bù xiāng shàng xià;equally matched
不言而喻 - bù yán ér yù;it goes without saying
不由得 - bù yóu de;can't help
不择手段 - bù zé shǒu duàn;by fair means or foul
不止 - bù zhǐ;incessantly
布告 - bù gào;posting on a bulletin board
布局 - bù jú;arrangement
布置 - bù zhì;to put in order
步伐 - bù fá;pace
部署 - bù shǔ;to dispose
部位 - bù wèi;position
才干 - cái gàn;ability
财富 - cái fù;wealth
财务 - cái wù;financial affairs
财政 - cái zhèng;finances (public)
裁缝 - cái féng;tailor
裁判 - cái pàn;judgment
裁员 - cái yuán;to cut staff
采购 - cǎi gòu;to procure (for an enterprise etc)
采集 - cǎi jí;to gather
采纳 - cǎi nà;to accept
彩票 - cǎi piào;lottery ticket
参谋 - cān móu;staff officer
参照 - cān zhào;to consult a reference
残酷 - cán kù;cruel
残留 - cán liú;to remain
残忍 - cán rěn;cruel
灿烂 - càn làn;to glitter
舱 - cāng;cabin
苍白 - cāng bái;pale
仓促 - cāng cù;all of a sudden
仓库 - cāng kù;depot
操劳 - cāo láo;to work hard
操练 - cāo liàn;drill
操纵 - cāo zòng;to operate
操作 - cāo zuò;to work
嘈杂 - cáo zá;noisy
草案 - cǎo àn;draft (legislation
草率 - cǎo shuài;careless
策划 - cè huà;to plot
策略 - cè lvè;tactics
测量 - cè liáng;survey
侧面 - cè miàn;lateral side
层出不穷 - céng chū bù qióng;more and more emerge
层次 - céng cì;arrangement of ideas
差距 - chā jù;disparity
查获 - chá huò;to investigate and capture (a criminal)
岔 - chà;fork in road
刹那 - chà nà;an instant (Sanskrit: ksana)
诧异 - chà yì;flabbergasted
柴油 - chái yóu;diesel fuel
搀 - chān;to assist by the arm
馋 - chán;gluttonous
缠绕 - chán rào;twisting
产业 - chǎn yè;industry
阐述 - chǎn shù;to expound (a position)
颤抖 - chàn dǒu;to shudder
猖狂 - chāng kuáng;savage
昌盛 - chāng shèng;prosperous
尝试 - cháng shì;to try
偿还 - cháng huán;to repay
常年 - cháng nián;all year round
常务 - cháng wù;routine
场合 - chǎng hé;situation
场面 - chǎng miàn;scene
场所 - chǎng suǒ;location
敞开 - chǎng kāi;to open wide
倡导 - chàng dǎo;to advocate
倡议 - chàng yì;to suggest
畅通 - chàng tōng;unimpeded
畅销 - chàng xiāo;to sell well
超级 - chāo jí;super-
超越 - chāo yuè;to surpass
钞票 - chāo piào;paper money
潮流 - cháo liú;tide
潮湿 - cháo shī;damp
嘲笑 - cháo xiào;to jeer at
撤退 - chè tuì;to retreat
撤销 - chè xiāo;to repeal
沉淀 - chén diàn;to settle
沉闷 - chén mèn;oppressive (of weather)
沉思 - chén sī;to contemplate
沉重 - chén zhòng;heavy
沉着 - chén zhuó;steady
陈旧 - chén jiù;old-fashioned
陈列 - chén liè;to display
陈述 - chén shù;an assertion
称心如意 - chèn xīn rú yì;after one's heart (idiom); gratifying and satisfactory
称号 - chēng hào;name
盛 - chéng;to hold
橙 - chéng;orange tree
乘务员 - chéng wù yuán;attendant on an airplane
承办 - chéng bàn;to undertake
承包 - chéng bāo;to contract
承诺 - chéng nuò;to promise
城堡 - chéng bǎo;castle
成本 - chéng běn;(manufacturing
成交 - chéng jiāo;to complete a contract
成天 - chéng tiān;(coll.) all day long
成效 - chéng xiào;effect
成心 - chéng xīn;intentional
成员 - chéng yuán;member
惩罚 - chéng fá;penalty
诚挚 - chéng zhì;sincere
澄清 - chéng qīng;clear (of liquid)
呈现 - chéng xiàn;to appear
秤 - chèng;steelyard
吃苦 - chī kǔ;to bear
吃力 - chī lì;to entail strenuous effort
迟缓 - chí huǎn;slow
迟疑 - chí yí;to hesitate
持久 - chí jiǔ;lasting
池塘 - chí táng;pool
赤道 - chì dào;equator (of the earth or astronomical body)
赤字 - chì zì;(financial) deficit
冲动 - chōng dòng;to have an urge
冲击 - chōng jī;an attack
冲突 - chōng tū;conflict
充当 - chōng dāng;to serve as
充沛 - chōng pèi;abundant
充实 - chōng shí;rich
充足 - chōng zú;adequate
崇拜 - chóng bài;to worship
崇高 - chóng gāo;majestic
崇敬 - chóng jìng;to revere
重叠 - chóng dié;to overlap
重阳节 - Chóng yáng jié;Double Ninth or Yang Festival
抽空 - chōu kòng;to find the time to do sth
筹备 - chóu bèi;preparations
踌躇 - chóu chú;to hesitate
稠密 - chóu mì;dense
丑恶 - chǒu è;ugly
出路 - chū lù;a way out (of a difficulty etc)
出卖 - chū mài;to offer for sale
出身 - chū shēn;to be born of
出神 - chū shén;entranced
出息 - chū xi;future prospects
出洋相 - chū yáng xiàng;to make a fool of oneself
初步 - chū bù;initial
储备 - chǔ bèi;reserves
储存 - chǔ cún;stockpile
储蓄 - chǔ xù;to deposit money
处分 - chǔ fèn;to discipline sb
处境 - chǔ jìng;plight
处置 - chǔ zhì;to handle
触犯 - chù fàn;to offend
穿越 - chuān yuè;to pass through
川流不息 - chuān liú bù xī;the stream flows without stopping (idiom); unending flow
船舶 - chuán bó;shipping
传达 - chuán dá;to pass on
传单 - chuán dān;leaflet
传授 - chuán shòu;to impart
喘气 - chuǎn qì;to breathe deeply
串 - chuàn;to string together
床单 - chuáng dān;bed sheet
创立 - chuàng lì;to establish
创新 - chuàng xīn;innovation
创业 - chuàng yè;to begin an undertaking
创作 - chuàng zuò;to create
吹牛 - chuī niú;to talk big
吹捧 - chuī pěng;to flatter
锤 - chuí;hammer
垂直 - chuí zhí;perpendicular
纯粹 - chún cuì;purely
纯洁 - chún jié;pure
词汇 - cí huì;vocabulary
慈祥 - cí xiáng;kindly
雌雄 - cí xióng;male and female
刺 - cì;thorn
次品 - cì pǐn;substandard products
次序 - cì xù;sequence
伺候 - cì hòu;to serve
丛 - cóng;cluster
从容不迫 - cóng róng bù pò;calm
凑合 - còu he;to bring together
粗鲁 - cū lǔ;crude
窜 - cuàn;to flee
摧残 - cuī cán;to ravage
脆弱 - cuì ruò;weak
搓 - cuō;to rub or roll between the hands or fingers
磋商 - cuō shāng;to consult
挫折 - cuò zhé;setback
搭 - dā;to put up
搭档 - dā dàng;to cooperate
搭配 - dā pèi;to pair up
答辩 - dá biàn;to reply (to an accusation)
答复 - dá fù;to answer
达成 - dá chéng;to reach (an agreement)
打包 - dǎ bāo;to wrap
打官司 - dǎ guān si;to file a lawsuit
打击 - dǎ jī;to hit
打架 - dǎ jià;to fight
打量 - dǎ liang;to size sb up
打猎 - dǎ liè;to go hunting
打仗 - dǎ zhàng;to fight a battle
大不了 - dà bù liǎo;at worst
大臣 - dà chén;chancellor (of a monarchy)
大伙儿 - dà huǒ r;erhua variant of 大伙[dà huǒ]
大厦 - dà shà;large building
大肆 - dà sì;wantonly
大体 - dà tǐ;in general
大意 - dà yi;careless
大致 - dà zhì;more or less
歹徒 - dǎi tú;evil-doer
带领 - dài lǐng;to guide
代价 - dài jià;price
代理 - dài lǐ;to act on behalf of sb in a responsible position
逮捕 - dài bǔ;to arrest
怠慢 - dài màn;to slight
担保 - dān bǎo;to guarantee
胆怯 - dǎn qiè;timid
淡季 - dàn jì;off season
淡水 - dàn shuǐ;potable water (water with low salt content)
蛋白质 - dàn bái zhì;protein
诞辰 - dàn chén;birthday
诞生 - dàn shēng;to be born
当场 - dāng chǎng;at the scene
当初 - dāng chū;at that time
当面 - dāng miàn;to sb's face
当前 - dāng qián;current
当事人 - dāng shì rén;persons involved or implicated
当务之急 - dāng wù zhī jí;top priority job
当心 - dāng xīn;to take care
当选 - dāng xuǎn;to be elected
党 - dǎng;party
档案 - dàng àn;file
档次 - dàng cì;grade
岛屿 - dǎo yǔ;island
倒闭 - dǎo bì;to go bankrupt
导弹 - dǎo dàn;guided missile
导航 - dǎo háng;navigation
导向 - dǎo xiàng;to be oriented towards
捣乱 - dǎo luàn;to disturb
稻谷 - dào gǔ;rice crops
盗窃 - dào qiè;to steal
得不偿失 - dé bù cháng shī;(saying) the gains do not make up for the losses
得力 - dé lì;able
得天独厚 - dé tiān dú hòu;(of an area) rich in resources
得罪 - dé zuì;to commit an offense
蹬 - dēng;to step on
灯笼 - dēng lóng;lantern
登陆 - dēng lù;to land
登录 - dēng lù;to register
等级 - děng jí;grade
瞪 - dèng;to open (one's eyes) wide
堤坝 - dī bà;dam
敌视 - dí shì;hostile
抵达 - dǐ dá;to arrive
抵抗 - dǐ kàng;to resist
抵制 - dǐ zhì;to resist
递增 - dì zēng;to increase by degrees
地步 - dì bù;condition
地势 - dì shì;terrain
地质 - dì zhì;geology
颠簸 - diān bǒ;to shake
颠倒 - diān dǎo;to turn upside-down
点缀 - diǎn zhuì;to decorate
典礼 - diǎn lǐ;celebration
典型 - diǎn xíng;model
垫 - diàn;pad
电源 - diàn yuán;electric power source
奠定 - diàn dìng;to establish
惦记 - diàn jì;to think of
叼 - diāo;to hold in the mouth
雕刻 - diāo kè;to carve
雕塑 - diāo sù;a statue
吊 - diào;a string of 100 cash (arch.)
调动 - diào dòng;to transfer
跌 - diē;to drop
盯 - dīng;to watch attentively
叮嘱 - dīng zhǔ;to warn repeatedly
定期 - dìng qī;regularly
定义 - dìng yì;definition
丢人 - diū rén;to lose face
丢三落四 - diū sān là sì;forgetful
东道主 - dōng dào zhǔ;host
东张西望 - dōng zhāng xī wàng;to look in all directions (idiom)
董事长 - dǒng shì zhǎng;chairman of the board
栋 - dòng;classifier for houses or buildings
冻结 - dòng jié;to freeze (loan
洞穴 - dòng xué;cave
动荡 - dòng dàng;unrest (social or political)
动机 - dòng jī;motor
动静 - dòng jìng;sound of activity or people talking
动力 - dòng lì;power
动脉 - dòng mài;artery
动身 - dòng shēn;to go on a journey
动手 - dòng shǒu;to set about (a task)
动态 - dòng tài;development
动员 - dòng yuán;to mobilize
兜 - dōu;pocket
陡峭 - dǒu qiào;precipitous
斗争 - dòu zhēng;a struggle
督促 - dū cù;to supervise and urge completion of a task
都市 - dū shì;city
独裁 - dú cái;dictatorship
毒品 - dú pǐn;drugs
赌博 - dǔ bó;to gamble
堵塞 - dǔ sè;to block
杜绝 - dù jué;to put an end to
端 - duān;end
端午节 - Duān wǔ jié;the Dragon Boat Festival (5th day of the 5th lunar month)
端正 - duān zhèng;upright
短促 - duǎn cù;short in time
断定 - duàn dìng;to conclude
断断续续 - duàn duàn xù xù;intermittent
断绝 - duàn jué;to sever
堆积 - duī jī;to pile up
对策 - duì cè;countermeasure for dealing with a situation
对称 - duì chèn;symmetry
对付 - duì fu;to handle
对抗 - duì kàng;to withstand
对立 - duì lì;to oppose
对联 - duì lián;rhyming couplet
对应 - duì yìng;to correspond
对照 - duì zhào;to contrast
兑换 - duì huàn;to convert
兑现 - duì xiàn;(of a cheque etc) to cash
队伍 - duì wǔ;ranks
顿时 - dùn shí;immediately
多元化 - duō yuán huà;diversification
哆嗦 - duō suo;to tremble
堕落 - duò luò;to morally degenerate
额外 - é wài;extra
恶心 - è xīn;bad habit
恶化 - è huà;to worsen
遏制 - è zhì;to check
恩怨 - ēn yuàn;(feeling of) resentment
而已 - ér yǐ;that's all
耳环 - ěr huán;earring
二氧化碳 - èr yǎng huà tàn;carbon dioxide CO2
发布 - fā bù;to release
发财 - fā cái;to get rich
发呆 - fā dāi;to stare blankly
发动 - fā dòng;to start
发火 - fā huǒ;to catch fire
发觉 - fā jué;to find
发射 - fā shè;to shoot (a projectile)
发誓 - fā shì;to vow
发行 - fā xíng;to publish
发炎 - fā yán;to become inflamed
发扬 - fā yáng;to develop
发育 - fā yù;to develop
法人 - fǎ rén;legal person
番 - fān;foreign
繁华 - fán huá;flourishing
繁忙 - fán máng;busy
繁体字 - fán tǐ zì;traditional Chinese character
繁殖 - fán zhí;to breed
反驳 - fǎn bó;to retort
反常 - fǎn cháng;unusual
反倒 - fǎn dào;but on the contrary
反动 - fǎn dòng;reaction
反感 - fǎn gǎn;to be disgusted with
反抗 - fǎn kàng;to resist
反馈 - fǎn kuì;to send back information
反面 - fǎn miàn;reverse side
反射 - fǎn shè;to reflect
反思 - fǎn sī;to think back over sth
反问 - fǎn wèn;to ask (a question) in reply
反之 - fǎn zhī;on the other hand...
范畴 - fàn chóu;category
泛滥 - fàn làn;to be in flood
贩卖 - fàn mài;to sell
方位 - fāng wèi;direction
方言 - fāng yán;dialect
方针 - fāng zhēn;policy
防守 - fáng shǒu;to defend
防疫 - fáng yì;disease prevention
防御 - fáng yù;defense
防止 - fáng zhǐ;to prevent
防治 - fáng zhì;prevention and cure
纺织 - fǎng zhī;spinning and weaving
放大 - fàng dà;to enlarge
放射 - fàng shè;to radiate
放手 - fàng shǒu;to let go one's hold
非法 - fēi fǎ;illegal
飞禽走兽 - fēi qín zǒu shòu;birds and animals
飞翔 - fēi xiáng;to fly
飞跃 - fēi yuè;to leap
肥沃 - féi wò;fertile
诽谤 - fěi bàng;to slander
匪徒 - fěi tú;gangster
废除 - fèi chú;to abolish
废墟 - fèi xū;ruins
沸腾 - fèi téng;boiling
分辨 - fēn biàn;to distinguish
分寸 - fēn cùn;propriety
分红 - fēn hóng;a bonus
分解 - fēn jiě;to resolve
分裂 - fēn liè;to split up
分泌 - fēn mì;to secrete
分明 - fēn míng;clearly demarcated
分歧 - fēn qí;difference (of opinion
分散 - fēn sàn;to scatter
分手 - fēn shǒu;to split up
吩咐 - fēn fù;to tell
坟墓 - fén mù;sepulcher
粉末 - fěn mò;fine powder
粉色 - fěn sè;white
粉碎 - fěn suì;to crush
分量 - fèn liang;quantity
风暴 - fēng bào;storm
风度 - fēng dù;elegance (for men)
风光 - fēng guāng;scene
风气 - fēng qì;general mood
风趣 - fēng qù;humor
风土人情 - fēng tǔ rén qíng;local conditions and customs (idiom)
风味 - fēng wèi;local flavor
封闭 - fēng bì;to seal
封建 - fēng jiàn;system of enfeoffment
封锁 - fēng suǒ;to blockade
丰满 - fēng mǎn;ample
丰盛 - fēng shèng;rich
丰收 - fēng shōu;bumper harvest
锋利 - fēng lì;sharp (e.g. knife blade)
逢 - féng;to meet by chance
奉献 - fèng xiàn;to consecrate
否决 - fǒu jué;veto
夫妇 - fū fù;a (married) couple
夫人 - fū ren;lady
敷衍 - fū yǎn;to elaborate (on a theme)
幅度 - fú dù;width
服气 - fú qì;to be convinced
符号 - fú hào;symbol
福利 - fú lì;(material) welfare
福气 - fú qi;good fortune
俘虏 - fú lǔ;captive
辐射 - fú shè;radiation
腐败 - fǔ bài;corruption
腐烂 - fǔ làn;to rot
腐蚀 - fǔ shí;corrosion
腐朽 - fǔ xiǔ;rotten
辅助 - fǔ zhù;to assist
抚养 - fǔ yǎng;to foster
俯仰 - fǔ yǎng;lowering and raising of the head
富裕 - fù yù;prosperous
副 - fù;secondary
副作用 - fù zuò yòng;side effect
负担 - fù dān;burden
覆盖 - fù gài;to cover
附和 - fù hè;to parrot
附件 - fù jiàn;enclosure
附属 - fù shǔ;subsidiary
复活 - fù huó;resurrection
复兴 - fù xīng;to revive
腹泻 - fù xiè;diarrhea
赋予 - fù yǔ;to assign
改良 - gǎi liáng;to improve
盖章 - gài zhāng;to affix a seal (to sth)
干旱 - gān hàn;drought
干扰 - gān rǎo;to interfere
干涉 - gān shè;to interfere
干预 - gān yù;to meddle
尴尬 - gān gà;awkward
甘心 - gān xīn;to be willing to
感慨 - gǎn kǎi;to sigh with sorrow
感染 - gǎn rǎn;infection
干劲 - gàn jìn;enthusiasm for doing sth
纲领 - gāng lǐng;program
港口 - gǎng kǒu;port
港湾 - gǎng wān;natural harbor
岗位 - gǎng wèi;a post
杠杆 - gàng gǎn;lever
高超 - gāo chāo;excellent
高潮 - gāo cháo;high tide
高峰 - gāo fēng;peak
高考 - gāo kǎo;college entrance exam (abbr. for 普通高等學校招生全國統一考試|普通高等学校招生全国统一考试)
高明 - gāo míng;brilliant
高尚 - gāo shàng;noble
高涨 - gāo zhǎng;upsurge
稿件 - gǎo jiàn;rough draft
告辞 - gào cí;to say goodbye
告诫 - gào jiè;to warn
割 - gē;to cut
搁 - gē;to place
疙瘩 - gē da;swelling or lump on skin
歌颂 - gē sòng;to sing the praises of
隔阂 - gé hé;estrangement
隔离 - gé lí;to separate
格局 - gé jú;structure
格式 - gé shì;form
个体 - gè tǐ;individual
各抒己见 - gè shū jǐ jiàn;everyone gives their own view
根深蒂固 - gēn shēn dì gù;deep-rooted (problem etc)
根源 - gēn yuán;origin
跟前 - gēn qián;in front of
跟随 - gēn suí;to follow
跟踪 - gēn zōng;to follow sb's tracks
耕地 - gēng dì;arable land
更新 - gēng xīn;to replace the old with new
更正 - gēng zhèng;to correct
公安局 - gōng ān jú;public security bureau
公道 - gōng dao;fair
公告 - gōng gào;post
公关 - gōng guān;public relations
公民 - gōng mín;citizen
公婆 - gōng pó;husband's parents
公然 - gōng rán;openly
公认 - gōng rèn;publicly known (to be)
公式 - gōng shì;formula
公务 - gōng wù;official business
公正 - gōng zhèng;just
公证 - gōng zhèng;notarization
供不应求 - gōng bù yìng qiú;supply does not meet demand
供给 - gōng jǐ;to furnish
工夫 - gōng fu;time
工艺品 - gōng yì pǐn;handicraft article
宫殿 - gōng diàn;palace
功课 - gōng kè;homework
功劳 - gōng láo;contribution
功效 - gōng xiào;efficacy
攻击 - gōng jī;to attack
攻克 - gōng kè;to capture
恭敬 - gōng jìng;deferential
巩固 - gǒng gù;to consolidate
共和国 - gòng hé guó;republic
共计 - gòng jì;to sum up to
共鸣 - gòng míng;resonance (physics)
勾结 - gōu jié;to collude with
钩子 - gōu zi;hook
构思 - gòu sī;to design
孤独 - gū dú;lonely
孤立 - gū lì;isolate
辜负 - gū fù;to fail to live up (to expectations)
姑且 - gū qiě;temporarily
古董 - gǔ dǒng;curio
古怪 - gǔ guài;eccentric
股东 - gǔ dōng;shareholder
股份 - gǔ fèn;a share (in a company)
鼓动 - gǔ dòng;to agitate
骨干 - gǔ gàn;diaphysis (long segment of a bone)
固然 - gù rán;admittedly (it's true that...)
固有 - gù yǒu;intrinsic to sth
固执 - gù zhí;obstinate
顾虑 - gù lǜ;misgivings
顾问 - gù wèn;adviser
故乡 - gù xiāng;home
故障 - gù zhàng;malfunction
拐杖 - guǎi zhàng;crutches
关照 - guān zhào;to take care
官方 - guān fāng;official
观光 - guān guāng;to tour
管辖 - guǎn xiá;to administer
罐 - guàn;can
贯彻 - guàn chè;to implement
灌溉 - guàn gài;to irrigate
惯例 - guàn lì;convention
光彩 - guāng cǎi;luster
光辉 - guāng huī;radiance
光芒 - guāng máng;rays of light
广阔 - guǎng kuò;wide
规范 - guī fàn;norm
规格 - guī gé;standard
规划 - guī huà;to plan (how to do sth)
规章 - guī zhāng;rule
归根到底 - guī gēn dào dǐ;(saying) to sum it up...
归还 - guī huán;to return sth
归纳 - guī nà;to sum up
轨道 - guǐ dào;orbit
跪 - guì;to kneel
贵族 - guì zú;lord
棍棒 - gùn bàng;club
国防 - guó fáng;national defense
国务院 - Guó Wù Yuàn;State Council (PRC)
果断 - guǒ duàn;firm
过度 - guò dù;excessive
过渡 - guò dù;to cross over (by ferry)
过奖 - guò jiǎng;to over-praise
过滤 - guò lǜ;to filter
过失 - guò shī;defect
过问 - guò wèn;to show an interest in
过瘾 - guò yǐn;to satisfy a craving
过于 - guò yú;too much
嗨 - hāi;oh alas
海拔 - hǎi bá;height above sea level
海滨 - hǎi bīn;shore
含糊 - hán hú;obscurity
含义 - hán yì;meaning (implicit in a phrase)
寒暄 - hán xuān;exchanging conventional greetings
罕见 - hǎn jiàn;rare
捍卫 - hàn wèi;to defend
航空 - háng kōng;aviation
航天 - háng tiān;space flight
航行 - háng xíng;to sail
行列 - háng liè;procession
豪迈 - háo mài;bold
毫米 - háo mǐ;millimeter
毫无 - háo wú;not in the least
号召 - hào zhào;to call
耗费 - hào fèi;to waste
好客 - hào kè;hospitality
呵 - hē;expel breath
和蔼 - hé ǎi;kindly
和解 - hé jiě;to settle (a dispute out of court)
和睦 - hé mù;peaceful relations
和气 - hé qi;friendly
和谐 - hé xié;harmonious
合并 - hé bìng;to merge
合成 - hé chéng;to compose
合乎 - hé hū;to accord with
合伙 - hé huǒ;to act jointly
合身 - hé shēn;well-fitting (of clothes)
合算 - hé suàn;worthwhile
嘿 - hēi;hey
痕迹 - hén jì;vestige
狠心 - hěn xīn;callous
恨不得 - hèn bu dé;wishing one could do sth
哼 - hēng;to groan
哄 - hōng;roar of laughter (onomatopoeia)
烘 - hōng;to bake
轰动 - hōng dòng;to cause a sensation
红包 - hóng bāo;lit. money wrapped in red as a gift
宏观 - hóng guān;macro-
宏伟 - hóng wěi;grand
洪水 - hóng shuǐ;deluge
喉咙 - hóu lóng;throat
吼 - hǒu;roar or howl of an animal
后代 - hòu dài;posterity
后顾之忧 - hòu gù zhī yōu;fears of trouble in the rear (idiom); family worries (obstructing freedom of action)
后勤 - hòu qín;logistics
候选 - hòu xuǎn;candidate
忽略 - hū lvè;to neglect
呼啸 - hū xiào;to whistle
呼吁 - hū yù;to call on (sb to do sth)
胡乱 - hú luàn;careless
湖泊 - hú pō;lake
互联网 - Hù lián wǎng;the Internet
花瓣 - huā bàn;petal
华丽 - huá lì;gorgeous
华侨 - huá qiáo;overseas Chinese
画蛇添足 - huà shé tiān zú;lit. draw legs on a snake (idiom); fig. to ruin the effect by adding sth superfluous
化肥 - huà féi;fertilizer
化石 - huà shí;fossil
化验 - huà yàn;laboratory test
化妆 - huà zhuāng;to put on makeup
划分 - huà fēn;to divide
话筒 - huà tǒng;microphone
怀孕 - huái yùn;pregnant
欢乐 - huān lè;gaiety
还原 - huán yuán;to restore to the original state
环节 - huán jié;round segment
缓和 - huǎn hé;to ease (tension)
患者 - huàn zhě;patient
荒凉 - huāng liáng;desolate
荒谬 - huāng miù;absurd
荒唐 - huāng táng;beyond belief
慌忙 - huāng máng;in a great rush
黄昏 - huáng hūn;dusk
恍然大悟 - huǎng rán dà wù;to suddenly realize
挥霍 - huī huò;to squander money
辉煌 - huī huáng;splendid
回报 - huí bào;(in) return
回避 - huí bì;to shun
回顾 - huí gù;to look back
回收 - huí shōu;to recycle
悔恨 - huǐ hèn;remorse
毁灭 - huǐ miè;to perish
会晤 - huì wù;to meet
汇报 - huì bào;to report
贿赂 - huì lù;to bribe
昏迷 - hūn mí;to lose consciousness
浑身 - hún shēn;all over
混合 - hùn hé;to mix
混乱 - hùn luàn;confusion
混淆 - hùn xiáo;to obscure
混浊 - hùn zhuó;turbid
活该 - huó gāi;(coll.) serve sb right
活力 - huó lì;energy
火箭 - huǒ jiàn;rocket
火焰 - huǒ yàn;blaze
火药 - huǒ yào;gunpowder
货币 - huò bì;currency
或许 - huò xǔ;perhaps
基地 - jī dì;base (of operations)
基金 - jī jīn;fund
基因 - jī yīn;gene (loanword)
机动 - jī dòng;locomotive
机构 - jī gòu;mechanism
机关 - jī guān;mechanism
机灵 - jī líng;clever
机密 - jī mì;secret
机械 - jī xiè;machine
机遇 - jī yù;opportunity
机智 - jī zhì;quick-witted
激发 - jī fā;to arouse
激励 - jī lì;to encourage
激情 - jī qíng;passion
饥饿 - jī è;hunger
讥笑 - jī xiào;to sneer
极端 - jí duān;extreme
极限 - jí xiàn;limit
即便 - jí biàn;even if
即将 - jí jiāng;on the eve of
级别 - jí bié;(military) rank
疾病 - jí bìng;disease
嫉妒 - jí dù;to be jealous
及早 - jí zǎo;at the earliest possible time
急功近利 - jí gōng jìn lì;seeking instant benefit (idiom); shortsighted vision
急剧 - jí jù;rapid
急切 - jí qiè;eager
急于求成 - jí yú qiú chéng;anxious for quick results (idiom); to demand instant success
急躁 - jí zào;irritable
籍贯 - jí guàn;one's native place
集团 - jí tuán;group
吉祥 - jí xiáng;lucky
给予 - jǐ yǔ;to accord
寄托 - jì tuō;to have sb look after sb
继承 - jì chéng;to inherit
继往开来 - jì wǎng kāi lái;to follow the past and herald the future (idiom); part of a historical transition
记性 - jì xìng;memory
记载 - jì zǎi;to write down
季度 - jì dù;quarter of a year
季军 - jì jūn;third in a race
计较 - jì jiào;to bother about
忌讳 - jì huì;taboo
寂静 - jì jìng;quiet
纪要 - jì yào;minutes
技能 - jì néng;technical ability
技巧 - jì qiǎo;skill
迹象 - jì xiàng;mark
家常 - jiā cháng;the daily life of a family
家伙 - jiā huo;household dish
家属 - jiā shǔ;family member
家喻户晓 - jiā yù hù xiǎo;understood by everyone (idiom); well known
加工 - jiā gōng;to process
加剧 - jiā jù;to intensify
佳肴 - jiā yáo;fine food
夹杂 - jiā zá;to mix together (disparate substances)
假设 - jiǎ shè;suppose that...
假使 - jiǎ shǐ;if
坚定 - jiān dìng;firm
坚固 - jiān gù;firm
坚韧 - jiān rèn;tough and durable
坚实 - jiān shí;firm and substantial
坚硬 - jiān yìng;hard
监督 - jiān dū;to control
监视 - jiān shì;to monitor
监狱 - jiān yù;prison
尖端 - jiān duān;sharp pointed end
艰难 - jiān nán;difficult
兼职 - jiān zhí;to hold concurrent posts
拣 - jiǎn;to choose
剪彩 - jiǎn cǎi;to cut the ribbon (at a launching or opening ceremony)
检讨 - jiǎn tǎo;to examine or inspect
检验 - jiǎn yàn;to inspect
简化 - jiǎn huà;to simplify
简陋 - jiǎn lòu;simple and crude (of a room or building)
简体字 - jiǎn tǐ zì;simplified Chinese character
简要 - jiǎn yào;concise
溅 - jiàn;splash
鉴别 - jiàn bié;to differentiate
鉴定 - jiàn dìng;to appraise
鉴于 - jiàn yú;in view of
间谍 - jiàn dié;spy
间隔 - jiàn gé;compartment
间接 - jiàn jiē;indirect
见多识广 - jiàn duō shí guǎng;experienced and knowledgeable (idiom)
见解 - jiàn jiě;opinion
见闻 - jiàn wén;what one sees and hears
见义勇为 - jiàn yì yǒng wéi;to see what is right and act courageously (idiom
健全 - jiàn quán;robust
践踏 - jiàn tà;to trample
舰艇 - jiàn tǐng;warship
将近 - jiāng jìn;almost
将军 - jiāng jūn;general
僵硬 - jiāng yìng;stiff
桨 - jiǎng;oar
奖励 - jiǎng lì;to reward
奖赏 - jiǎng shǎng;reward
降临 - jiàng lín;to descend to
交叉 - jiāo chā;to cross
交代 - jiāo dài;to hand over
交涉 - jiāo shè;to negotiate
交往 - jiāo wǎng;to associate
交易 - jiāo yì;(business) transaction
焦点 - jiāo diǎn;focus
焦急 - jiāo jí;anxiety
娇气 - jiāo qì;delicate
角落 - jiǎo luò;nook
搅拌 - jiǎo bàn;to stir
缴纳 - jiǎo nà;to pay (taxes etc)
教养 - jiào yǎng;to train
较量 - jiào liàng;to have a contest with sb
皆 - jiē;all
接连 - jiē lián;on end
阶层 - jiē céng;hierarchy
揭发 - jiē fā;to expose
揭露 - jiē lù;to expose
节奏 - jié zòu;rhythm
杰出 - jié chū;outstanding
结晶 - jié jīng;crystallization
结局 - jié jú;conclusion
结算 - jié suàn;to settle a bill
竭尽全力 - jié jìn quán lì;to spare no effort (idiom); to do one's utmost
截至 - jié zhì;up to (a time)
解除 - jiě chú;to remove
解雇 - jiě gù;to fire
解剖 - jiě pōu;to dissect (an animal)
解散 - jiě sàn;to dissolve
解体 - jiě tǐ;to break up into components
借鉴 - jiè jiàn;to use other people's experience
借助 - jiè zhù;to draw support from
戒备 - jiè bèi;to take precautions
界限 - jiè xiàn;boundary
津津有味 - jīn jīn yǒu wèi;with keen interest pleasure (idiom); with gusto
金融 - jīn róng;banking
紧密 - jǐn mì;inseparably close
紧迫 - jǐn pò;pressing
尽快 - jǐn kuài;as quickly as possible
锦绣前程 - jǐn xiù qián chéng;bright future
进而 - jìn ér;and then (what follows next)
进攻 - jìn gōng;to attack
进化 - jìn huà;evolution
进展 - jìn zhǎn;to make headway
近来 - jìn lái;recently
近视 - jìn shì;shortsighted
浸泡 - jìn pào;to steep
晋升 - jìn shēng;to promote to a higher position
劲头 - jìn tóu;enthusiasm
茎 - jīng;stalk
精打细算 - jīng dǎ xì suàn;(saying) meticulous planning and careful accounting
精华 - jīng huá;best feature
精简 - jīng jiǎn;to simplify
精密 - jīng mì;accuracy
精确 - jīng què;accurate
精通 - jīng tōng;proficient
精心 - jīng xīn;with utmost care
精益求精 - jīng yì qiú jīng;to perfect sth that is already outstanding (idiom); constantly improving
精致 - jīng zhì;delicate
经费 - jīng fèi;funds
经商 - jīng shāng;to trade
经纬 - jīng wěi;warp and woof
惊动 - jīng dòng;alarm
惊奇 - jīng qí;to be amazed
惊讶 - jīng yà;amazed
兢兢业业 - jīng jīng yè yè;cautious and conscientious
井 - jǐng;a well
警告 - jǐng gào;to warn
警惕 - jǐng tì;to be on the alert
颈椎 - jǐng zhuī;cervical vertebra
敬礼 - jìng lǐ;to salute
境界 - jìng jiè;boundary
竞赛 - jìng sài;race
竞选 - jìng xuǎn;to take part in an election
镜头 - jìng tóu;camera lens
纠纷 - jiū fēn;a dispute
纠正 - jiū zhèng;to correct
酒精 - jiǔ jīng;alcohol
救济 - jiù jì;emergency relief
就近 - jiù jìn;nearby
就业 - jiù yè;looking for employment
就职 - jiù zhí;to take office
鞠躬 - jū gōng;to bow
拘留 - jū liú;to detain (a prisoner)
拘束 - jū shù;to restrict
居住 - jū zhù;to reside
局部 - jú bù;part
局面 - jú miàn;aspect
局势 - jú shì;situation
局限 - jú xiàn;to limit
举动 - jǔ dòng;act
举世闻名 - jǔ shì wén míng;(saying) world famous
举世瞩目 - jǔ shì zhǔ mù;to receive worldwide attention
举足轻重 - jǔ zú qīng zhòng;a foot's move sways the balance (idiom); to hold the balance of power
咀嚼 - jǔ jué;to chew
沮丧 - jǔ sàng;dispirited
剧本 - jù běn;script for play
剧烈 - jù liè;violent
聚精会神 - jù jīng huì shén;to concentrate one's attention (idiom)
据悉 - jù xī;according to reports
决策 - jué cè;strategic decision
觉悟 - jué wù;consciousness
觉醒 - jué xǐng;to awaken
绝望 - jué wàng;desperation
军队 - jūn duì;army troops
卡通 - kǎ tōng;cartoon
开采 - kāi cǎi;to extract (ore or other resource from a mine)
开除 - kāi chú;to expel
开阔 - kāi kuò;wide
开朗 - kāi lǎng;spacious and well-lit
开明 - kāi míng;enlightened
开辟 - kāi pì;to open up
开水 - kāi shuǐ;boiled water
开拓 - kāi tuò;to break new ground (for agriculture)
开展 - kāi zhǎn;(begin to) develop
开支 - kāi zhī;expenditures
刊登 - kān dēng;to carry a story
刊物 - kān wù;publication
勘探 - kān tàn;exploration
看待 - kàn dài;to look upon
看望 - kàn wàng;to visit
慷慨 - kāng kǎi;vehement
扛 - káng;to carry on one's shoulder
考察 - kǎo chá;to inspect
考古 - kǎo gǔ;archaeology
考核 - kǎo hé;to examine
考验 - kǎo yàn;to test
靠拢 - kào lǒng;to draw close to
磕 - kē;to tap
颗粒 - kē lì;kernel
科目 - kē mù;subject
渴望 - kě wàng;to thirst for
可观 - kě guān;considerable
可口 - kě kǒu;tasty
可恶 - kě wù;repulsive
可笑 - kě xiào;funny
可行 - kě xíng;feasible
刻不容缓 - kè bù róng huǎn;to brook no delay
课题 - kè tí;task
客户 - kè hù;client
啃 - kěn;to gnaw
恳切 - kěn qiè;earnest
坑 - kēng;hole
空洞 - kōng dòng;cavity
空前绝后 - kōng qián jué hòu;unprecedented and never to be duplicated
空想 - kōng xiǎng;daydream
空虚 - kōng xū;hollow
孔 - kǒng;hole
恐吓 - kǒng hè;to threaten
恐惧 - kǒng jù;fear
空白 - kòng bái;blank space
空隙 - kòng xì;crack
口气 - kǒu qì;tone of voice
口腔 - kǒu qiāng;oral cavity
口头 - kǒu tóu;oral
口音 - kǒu yīn;oral speech sounds (linguistics)
枯竭 - kū jié;used up
枯燥 - kū zào;dry and dull
苦尽甘来 - kǔ jìn gān lái;bitterness finishes
挎 - kuà;to carry (esp. slung over the arm
跨 - kuà;to step across
快活 - kuài huo;happy
宽敞 - kuān chang;spacious
款待 - kuǎn dài;to entertain
款式 - kuǎn shì;pattern
筐 - kuāng;basket
旷课 - kuàng kè;to play truant
框架 - kuàng jià;frame
况且 - kuàng qiě;moreover
亏待 - kuī dài;to treat sb unfairly
亏损 - kuī sǔn;deficit
昆虫 - kūn chóng;insect
捆绑 - kǔn bǎng;to bind
扩充 - kuò chōng;to expand
扩散 - kuò sàn;to spread
扩张 - kuò zhāng;expansion
喇叭 - lǎ ba;horn (automobile etc)
啦 - la;sentence-final particle
来历 - lái lì;history
来源 - lái yuán;source (of information etc)
栏目 - lán mù;regular column or segment (in a publication or broadcast program)
懒惰 - lǎn duò;idle
狼狈 - láng bèi;in a difficult situation
朗读 - lǎng dú;read aloud
捞 - lāo;to fish up
唠叨 - láo dao;to prattle
牢固 - láo gù;firm
牢骚 - láo sāo;discontent
乐趣 - lè qù;delight
乐意 - lè yì;to be willing to do sth
雷达 - léi dá;radar (loanword)
类似 - lèi sì;similar
冷淡 - lěng dàn;cold
冷酷 - lěng kù;grim
冷却 - lěng què;to cool off
愣 - lèng;to look distracted
黎明 - lí míng;dawn
里程碑 - lǐ chéng bēi;milestone
礼节 - lǐ jié;etiquette
理睬 - lǐ cǎi;to heed
理所当然 - lǐ suǒ dāng rán;as it should be by rights (idiom); proper and to be expected as a matter of course
理直气壮 - lǐ zhí qì zhuàng;in the right and self-confident (idiom); bold and confident with justice on one's side
理智 - lǐ zhì;reason
立场 - lì chǎng;position
立交桥 - lì jiāo qiáo;overpass
立体 - lì tǐ;three-dimensional
立足 - lì zú;to stand
历代 - lì dài;successive generations
历来 - lì lái;always
利害 - lì hài;pros and cons
利率 - lì lǜ;interest rates
力所能及 - lì suǒ néng jí;as far as one's capabilities extend (idiom); to the best of one's ability
力图 - lì tú;to try hard to
力争 - lì zhēng;to work hard for
例外 - lì wài;(make an) exception
连年 - lián nián;successive years
连锁 - lián suǒ;to interlock
连同 - lián tóng;together with
联欢 - lián huān;have a get-together
联络 - lián luò;communication
联盟 - lián méng;alliance
联想 - lián xiǎng;to associate (cognitively)
廉洁 - lián jié;honest
良心 - liáng xīn;conscience
晾 - liàng;to dry in the air
谅解 - liàng jiě;to understand
辽阔 - liáo kuò;vast
列举 - liè jǔ;a list
淋 - lín;to drain
临床 - lín chuáng;clinical
吝啬 - lìn sè;stingy
零星 - líng xīng;fragmentary
凌晨 - líng chén;very early in the morning
灵感 - líng gǎn;inspiration
灵魂 - líng hún;soul
灵敏 - líng mǐn;smart
伶俐 - líng lì;clever
领会 - lǐng huì;to understand
领事馆 - lǐng shì guǎn;consulate
领土 - lǐng tǔ;territory
领悟 - lǐng wù;to understand
领先 - lǐng xiān;to lead
领袖 - lǐng xiù;leader
溜 - liū;to slip away
留恋 - liú liàn;reluctant to leave
留念 - liú niàn;to keep as a souvenir
留神 - liú shén;to take care
流浪 - liú làng;to drift about
流露 - liú lù;to express
流氓 - liú máng;rogue
流通 - liú tōng;to circulate
聋哑 - lóng yǎ;deaf and dumb
隆重 - lóng zhòng;grand
垄断 - lǒng duàn;to enjoy market dominance
笼罩 - lǒng zhào;to envelop
搂 - lǒu;to hug
炉灶 - lú zào;stove
轮船 - lún chuán;steamship
轮廓 - lún kuò;an outline
轮胎 - lún tāi;tire
论坛 - lùn tán;forum (for discussion)
论证 - lùn zhèng;to prove a point
啰唆 - luō suō;see 囉嗦|啰嗦[luō suo]
螺丝钉 - luó sī dīng;screw
落成 - luò chéng;to complete a construction project
落实 - luò shí;practical
络绎不绝 - luò yì bù jué;continuously; in an endless stream (idiom)
屡次 - lǚ cì;repeatedly
履行 - lǚ xíng;to fulfill (one's obligations)
掠夺 - lvè duó;to plunder
略微 - lvè wēi;a little bit
麻痹 - má bì;paralysis
麻木 - má mù;numb
麻醉 - má zuì;anesthesia
码头 - mǎ tóu;dock
嘛 - ma;modal particle indicating that sth is obvious
埋伏 - mái fú;to ambush
埋没 - mái mò;to engulf
埋葬 - mái zàng;to bury
迈 - mài;take a step
脉搏 - mài bó;a pulse (both medical and figurative)
埋怨 - mán yuàn;to complain
慢性 - màn xìng;slow and patient
漫长 - màn cháng;very long
漫画 - màn huà;caricature
蔓延 - màn yán;to extend
忙碌 - máng lù;busy
茫茫 - máng máng;boundless
茫然 - máng rán;blankly
盲目 - máng mù;blind
冒充 - mào chōng;to feign
茂盛 - mào shèng;lush
枚 - méi;classifier for coins
没辙 - méi zhé;(idiom) unable to solve; no way to escape a problem
媒介 - méi jiè;media
媒体 - méi tǐ;media
美观 - měi guān;pleasing to the eye
美满 - měi mǎn;happy
美妙 - měi miào;beautiful
门诊 - mén zhěn;outpatient service
蒙 - méng;to cover
萌芽 - méng yá;sprout
猛烈 - měng liè;fierce
梦想 - mèng xiǎng;(figuratively) to dream of
眯 - mī;to narrow one's eyes
弥补 - mí bǔ;to complement
弥漫 - mí màn;variant of 彌漫|弥漫[mí màn]
迷惑 - mí huo;to puzzle
迷人 - mí rén;fascinating
迷失 - mí shī;lost
迷信 - mí xìn;superstition
密度 - mì dù;density
密封 - mì fēng;to seal up
免得 - miǎn de;so as not to
免疫 - miǎn yì;immunity (to disease)
勉励 - miǎn lì;to encourage
勉强 - miǎn qiǎng;to do with difficulty
面貌 - miàn mào;appearance
面子 - miàn zi;outer surface
描绘 - miáo huì;to describe
渺小 - miǎo xiǎo;minute
蔑视 - miè shì;to loathe
灭亡 - miè wáng;to be destroyed
民间 - mín jiān;among the people
民用 - mín yòng;(for) civilian use
敏感 - mǐn gǎn;sensitive
敏捷 - mǐn jié;nimble
敏锐 - mǐn ruì;keen
明明 - míng míng;obviously
名次 - míng cì;position in a ranking of names
名额 - míng é;quota
名副其实 - míng fù qí shí;not just in name only
名誉 - míng yù;fame
命名 - mìng míng;to give a name to
摸索 - mō suo;to feel about
膜 - mó;membrane
摩擦 - mó cā;friction
磨合 - mó hé;to break in
模范 - mó fàn;model
模式 - mó shì;mode
模型 - mó xíng;model
魔鬼 - mó guǐ;devil
魔术 - mó shù;magic
抹杀 - mǒ shā;to erase
莫名其妙 - mò míng qí miào;unfathomable mystery (idiom); subtle and ineffable
默默 - mò mò;in silence
墨水儿 - mò shuǐ r;erhua variant of 墨水
谋求 - móu qiú;to seek
模样 - mú yàng;look
母语 - mǔ yǔ;native language
目睹 - mù dǔ;to witness
目光 - mù guāng;sight
沐浴 - mù yù;to take a bath
拿手 - ná shǒu;expert in
纳闷儿 - nà mèn r;puzzled
耐用 - nài yòng;durable
难得 - nán dé;seldom
难堪 - nán kān;hard to take
难免 - nán miǎn;hard to avoid
难能可贵 - nán néng kě guì;rare and precious
恼火 - nǎo huǒ;to get angry
内涵 - nèi hán;meaning
内幕 - nèi mù;inside story
内在 - nèi zài;intrinsic
能量 - néng liàng;energy
嗯 - en;interjection indicating approval
拟定 - nǐ dìng;to draw up
年度 - nián dù;year (e.g. school year
捏 - niē;to pinch (with one's fingers)
拧 - níng;to pinch
凝固 - níng gù;to freeze
凝聚 - níng jù;to condense
凝视 - níng shì;to gaze at
宁肯 - nìng kěn;would rather...
宁愿 - nìng yuàn;would rather
纽扣儿 - niǔ kòu ér;Buttons children
扭转 - niǔ zhuǎn;to reverse
浓厚 - nóng hòu;dense
农历 - nóng lì;the traditional Chinese calendar
奴隶 - nú lì;slave
挪 - nuó;to shift
虐待 - nvè dài;to mistreat
哦 - ò;oh (interjection indicating that one has just learned sth)
殴打 - ōu dǎ;to beat up
欧洲 - Oū zhōu;Europe
呕吐 - ǒu tù;to vomit
趴 - pā;to lie on one's stomach
排斥 - pái chì;to reject
排除 - pái chú;to eliminate
排放 - pái fàng;emission
徘徊 - pái huái;to dither
派别 - pài bié;denomination
派遣 - pài qiǎn;to send (on a mission)
攀登 - pān dēng;to climb
盘旋 - pán xuán;to spiral
畔 - pàn;bank
判决 - pàn jué;judgment (by a court of law)
庞大 - páng dà;huge
抛弃 - pāo qì;to abandon
泡沫 - pào mò;foam
培训 - péi xùn;to cultivate
培育 - péi yù;to train
配备 - pèi bèi;to allocate
配偶 - pèi ǒu;consort
配套 - pèi tào;to form a complete set
盆地 - pén dì;basin (low-lying geographical feature)
烹饪 - pēng rèn;cooking
捧 - pěng;to clasp
劈 - pī;to hack
批发 - pī fā;wholesale
批判 - pī pàn;to criticize
疲惫 - pí bèi;beaten
疲倦 - pí juàn;to tire
皮革 - pí gé;leather
屁股 - pì gu;buttocks
譬如 - pì rú;for example
偏差 - piān chā;bias
偏见 - piān jiàn;prejudice
偏僻 - piān pì;remote
偏偏 - piān piān;sth turns out just the opposite of what one would expect
片断 - piàn duàn;section
片刻 - piàn kè;short period of time
飘扬 - piāo yáng;to wave
漂浮 - piāo fú;to float
拼搏 - pīn bó;to struggle
拼命 - pīn mìng;to do one's utmost
频繁 - pín fán;frequently
频率 - pín lǜ;frequency
贫乏 - pín fá;lack
贫困 - pín kùn;impoverished
品尝 - pǐn cháng;to taste a small amount
品德 - pǐn dé;moral character
品行 - pǐn xíng;behavior
品质 - pǐn zhì;quality
平凡 - píng fán;commonplace
平面 - píng miàn;plane (flat surface)
平坦 - píng tǎn;level
平行 - píng xíng;parallel
平原 - píng yuán;field
评估 - píng gū;to evaluate
评论 - píng lùn;to comment on
屏障 - píng zhàng;protective screen
坡 - pō;slope
泼 - pō;to splash
颇 - pō;rather
破例 - pò lì;to make an exception
迫不及待 - pò bù jí dài;impatient (idiom); in a hurry
迫害 - pò hài;to persecute
魄力 - pò lì;courage
扑 - pū;to throw oneself at
铺 - pū;to spread
普及 - pǔ jí;popular
朴实 - pǔ shí;plain
瀑布 - pù bù;waterfall
期望 - qī wàng;to have expectations
期限 - qī xiàn;time limit
欺负 - qī fu;to bully
欺骗 - qī piàn;to deceive
凄凉 - qī liáng;desolate
奇妙 - qí miào;fantastic
旗袍 - qí páo;Chinese-style dress
旗帜 - qí zhì;ensign
齐全 - qí quán;complete
齐心协力 - qí xīn xié lì;to work with a common purpose (idiom); to make concerted efforts
歧视 - qí shì;to discriminate against
起草 - qǐ cǎo;draft (a bill)
起初 - qǐ chū;originally
起伏 - qǐ fú;to move up and down
起哄 - qǐ hòng;to heckle
起码 - qǐ mǎ;at the minimum
起义 - qǐ yì;uprising
起源 - qǐ yuán;origin
启程 - qǐ chéng;to set out on a journey
启示 - qǐ shì;enlightenment
启事 - qǐ shì;announcement (written
乞丐 - qǐ gài;beggar
岂有此理 - qǐ yǒu cǐ lǐ;how can this be so? (idiom); preposterous
器材 - qì cái;equipment
器官 - qì guān;organ (part of body tissue)
气概 - qì gài;lofty quality
气功 - qì gōng;qigong
气魄 - qì pò;spirit
气色 - qì sè;complexion
气势 - qì shì;imposing manner
气味 - qì wèi;odor
气象 - qì xiàng;meteorological feature
气压 - qì yā;atmospheric pressure
迄今为止 - qì jīn wéi zhǐ;so far
掐 - qiā;to pick (flowers)
恰当 - qià dàng;appropriate
恰到好处 - qià dào hǎo chù;it's just perfect
恰巧 - qià qiǎo;fortunately
洽谈 - qià tán;to discuss
牵扯 - qiān chě;to involve
牵制 - qiān zhì;to control
千方百计 - qiān fāng bǎi jì;lit. thousand ways
签订 - qiān dìng;to agree to and sign (a treaty etc)
签署 - qiān shǔ;to sign (an agreement)
迁就 - qiān jiù;to yield
迁徙 - qiān xǐ;to migrate
谦逊 - qiān xùn;humble
前景 - qián jǐng;foreground
前提 - qián tí;premise
潜力 - qián lì;potential
潜水 - qián shuǐ;to dive
潜移默化 - qián yí mò huà;imperceptible influence
谴责 - qiǎn zé;to denounce
强制 - qiáng zhì;to enforce
抢劫 - qiǎng jié;to rob
抢救 - qiǎng jiù;rescue
强迫 - qiǎng pò;to compel
桥梁 - qiáo liáng;bridge
翘 - qiào;to stick up
锲而不舍 - qiè ér bù shě;to chip away at a task and not abandon it (idiom); to chisel away at sth
切实 - qiè shí;feasible
亲热 - qīn rè;affectionate
亲身 - qīn shēn;personal
侵犯 - qīn fàn;to infringe on
钦佩 - qīn pèi;to admire
勤俭 - qín jiǎn;hardworking and frugal
勤恳 - qín kěn;diligent and attentive
氢 - qīng;hydrogen (chemistry)
轻而易举 - qīng ér yì jǔ;easy
清澈 - qīng chè;clear
清晨 - qīng chén;early morning
清除 - qīng chú;to eliminate
清洁 - qīng jié;clean
清理 - qīng lǐ;to clear up
清晰 - qīng xī;clear
清醒 - qīng xǐng;clear-headed
清真 - qīng zhēn;Islamic
倾听 - qīng tīng;to listen attentively
倾向 - qīng xiàng;trend
倾斜 - qīng xié;to incline
晴朗 - qíng lǎng;sunny and cloudless
情报 - qíng bào;(spy) intelligence
情节 - qíng jié;plot
情理 - qíng lǐ;reason
情形 - qíng xing;circumstances
请柬 - qǐng jiǎn;invitation card
请教 - qǐng jiào;to ask for guidance
请示 - qǐng shì;to ask for instructions
请帖 - qǐng tiě;invitation card
丘陵 - qiū líng;hills
区分 - qū fēn;to differentiate
区域 - qū yù;area
屈服 - qū fú;to surrender
曲折 - qū zhé;complicated
驱逐 - qū zhú;to expel
渠道 - qú dào;irrigation ditch
取缔 - qǔ dì;to ban
曲子 - qǔ zi;poem for singing
趣味 - qù wèi;fun
圈套 - quān tào;trap
全局 - quán jú;overall situation
全力以赴 - quán lì yǐ fù;to do at all costs
权衡 - quán héng;to weigh
权威 - quán wēi;authority
权益 - quán yì;rights and benefits
拳头 - quán tou;fist
犬 - quǎn;dog
缺口 - quē kǒu;nick
缺席 - quē xí;absence
缺陷 - quē xiàn;defect
瘸 - qué;lame
确保 - què bǎo;to ensure
确立 - què lì;to establish
确切 - què qiè;definite
确信 - què xìn;to be convinced
群众 - qún zhòng;mass
染 - rǎn;to dye
让步 - ràng bù;to concede
饶恕 - ráo shù;to forgive
扰乱 - rǎo luàn;to disturb
惹祸 - rě huò;stirring up trouble
热泪盈眶 - rè lèi yíng kuàng;eyes brimming with tears of excitement (idiom)
热门 - rè mén;popular
人道 - rén dào;human sympathy
人格 - rén gé;personality
人工 - rén gōng;artificial
人家 - rén jia;other people
人间 - rén jiān;the human world
人士 - rén shì;person
人为 - rén wéi;artificial
人性 - rén xìng;human nature
人质 - rén zhì;hostage
仁慈 - rén cí;benevolent
忍耐 - rěn nài;to show restraint
忍受 - rěn shòu;to bear
认定 - rèn dìng;to maintain (that sth is true)
认可 - rèn kě;to approve
任命 - rèn mìng;to appoint and nominate
任性 - rèn xìng;willful
任意 - rèn yì;arbitrary
任重道远 - rèn zhòng dào yuǎn;a heavy load and a long road
仍旧 - réng jiù;still (remaining)
日新月异 - rì xīn yuè yì;daily renewal
日益 - rì yì;day by day
融洽 - róng qià;harmonious
溶解 - róng jiě;to dissolve
容貌 - róng mào;one's appearance
容纳 - róng nà;to hold
容器 - róng qì;receptacle
容忍 - róng rěn;to put up with
揉 - róu;to knead
柔和 - róu hé;gentle
弱点 - ruò diǎn;weak point
若干 - ruò gān;a certain number or amount
撒谎 - sā huǎng;to tell lies
腮 - sāi;cheek
三角 - sān jiǎo;triangle
散文 - sǎn wén;prose
散布 - sàn bù;to disseminate
散发 - sàn fā;to distribute
丧失 - sàng shī;to lose
嫂子 - sǎo zi;(informal) older brother's wife
色彩 - sè cǎi;tint
刹车 - shā chē;to brake (when driving)
啥 - shá;dialectal equivalent of 什麼|什么[shén me]
筛选 - shāi xuǎn;to filter
山脉 - shān mài;mountain range
闪烁 - shǎn shuò;flickering
擅长 - shàn cháng;to be good at
擅自 - shàn zì;without permission
商标 - shāng biāo;trademark
伤脑筋 - shāng nǎo jīn;knotty
上级 - shàng jí;higher authorities
上进心 - shàng jìn xīn;motivation
上任 - shàng rèn;to take office
上瘾 - shàng yǐn;to get into a habit
上游 - shàng yóu;upper reaches (of a river)
捎 - shāo;to bring sth to sb
梢 - shāo;tip of branch
哨 - shào;a whistle
奢侈 - shē chǐ;luxurious
设立 - shè lì;to set up
设想 - shè xiǎng;to imagine
设置 - shè zhì;to set up
社区 - shè qū;community
涉及 - shè jí;to involve
摄取 - shè qǔ;absorb (nutrition)
摄氏度 - shè shì dù;degrees centigrade
深奥 - shēn ào;profound
深沉 - shēn chén;deep
深情厚谊 - shēn qíng hòu yì;deep friendship
申报 - shēn bào;to report (to the authorities)
绅士 - shēn shì;gentleman
呻吟 - shēn yín;to moan
神奇 - shén qí;magical
神气 - shén qì;expression
神情 - shén qíng;look
神色 - shén sè;expression
神圣 - shén shèng;divine
神态 - shén tài;appearance
神仙 - shén xiān;Daoist immortal
审查 - shěn chá;to examine
审理 - shěn lǐ;to hear (a case)
审美 - shěn měi;esthetics
审判 - shěn pàn;a trial
渗透 - shèn tòu;to permeate
慎重 - shèn zhòng;cautious
生存 - shēng cún;to exist
生机 - shēng jī;opportunity to live
生理 - shēng lǐ;physiology
生疏 - shēng shū;unfamiliar
生态 - shēng tài;way of life
生物 - shēng wù;organism
生效 - shēng xiào;to take effect
生锈 - shēng xiù;to rust
生育 - shēng yù;to bear
牲畜 - shēng chù;domesticated animals
声明 - shēng míng;statement
声势 - shēng shì;fame and power
声誉 - shēng yù;reputation
省会 - shěng huì;provincial capital
盛产 - shèng chǎn;superabundant
盛开 - shèng kāi;blooming
盛情 - shèng qíng;great kindness
盛行 - shèng xíng;to be in vogue
胜负 - shèng fù;victory or defeat
失误 - shī wù;lapse
失踪 - shī zōng;to be missing
师范 - shī fàn;teacher-training
施加 - shī jiā;to exert (effort or pressure)
施展 - shī zhǎn;to use fully
尸体 - shī tǐ;dead body
拾 - shí;to pick up
十足 - shí zú;ample
识别 - shí bié;to distinguish
时差 - shí chā;time difference
时常 - shí cháng;often
时而 - shí ér;occasionally
时光 - shí guāng;time
时机 - shí jī;fortunate timing
时事 - shí shì;current trends
时装 - shí zhuāng;the latest fashion in clothes
实惠 - shí huì;tangible benefit
实力 - shí lì;strength
实施 - shí shī;to implement
实事求是 - shí shì qiú shì;to seek truth from facts (idiom)
实质 - shí zhì;substance
石油 - shí yóu;oil
使命 - shǐ mìng;mission (diplomatic or other)
是非 - shì fēi;right and wrong
试图 - shì tú;to attempt
试验 - shì yàn;experiment
势必 - shì bì;to be bound to
势力 - shì li;power
世代 - shì dài;generation
世界观 - shì jiè guān;worldview
示范 - shì fàn;to demonstrate
示威 - shì wēi;to demonstrate (as a protest)
示意 - shì yì;to hint
释放 - shì fàng;to release
事故 - shì gù;accident
事迹 - shì jì;deed
事件 - shì jiàn;event
事态 - shì tài;situation
事务 - shì wù;(political
事项 - shì xiàng;matter
事业 - shì yè;undertaking
适宜 - shì yí;suitable
视力 - shì lì;vision
视线 - shì xiàn;line of sight
视野 - shì yě;field of view
逝世 - shì shì;to pass away
收藏 - shōu cáng;to hoard
收缩 - shōu suō;to pull back
收益 - shōu yì;earnings
收音机 - shōu yīn jī;radio
手法 - shǒu fǎ;technique
手势 - shǒu shì;gesture
手艺 - shǒu yì;craftmanship
首要 - shǒu yào;the most important
守护 - shǒu hù;to guard
受罪 - shòu zuì;to endure
授予 - shòu yǔ;to award
书法 - shū fǎ;calligraphy
书籍 - shū jí;books
书记 - shū ji;secretary
书面 - shū miàn;in writing
舒畅 - shū chàng;happy
疏忽 - shū hu;to neglect
数 - shǔ;to count
竖 - shù;to erect
束 - shù;to bind
束缚 - shù fù;to bind
树立 - shù lì;to set up
数额 - shù é;amount
数目 - shù mù;amount
耍 - shuǎ;to play with
衰老 - shuāi lǎo;to age
衰退 - shuāi tuì;to decline
率领 - shuài lǐng;to lead
涮 - shuàn;to rinse
双胞胎 - shuāng bāo tāi;twin
爽快 - shuǎng kuai;refreshed
水利 - shuǐ lì;water conservancy
水龙头 - shuǐ lóng tóu;faucet
水泥 - shuǐ ní;cement
司法 - sī fǎ;judicial
司令 - sī lìng;commanding officer
思念 - sī niàn;to think of
思索 - sī suǒ;to think deeply
思维 - sī wéi;(line of) thought
思绪 - sī xù;train of thought
私自 - sī zì;private
斯文 - sī wén;refined
死亡 - sǐ wáng;to die
四肢 - sì zhī;the four limbs of the body
肆无忌惮 - sì wú jì dàn;absolutely unrestrained
饲养 - sì yǎng;to raise
耸 - sǒng;to excite
艘 - sōu;classifier for ships
搜索 - sōu suǒ;to search
苏醒 - sū xǐng;to wake up
俗话 - sú huà;common saying
塑造 - sù zào;to model
素食 - sù shí;vegetables
素质 - sù zhì;inner quality
诉讼 - sù sòng;lawsuit
算了 - suàn le;let it be
算数 - suàn shù;to count numbers
随即 - suí jí;immediately
随身 - suí shēn;to (carry) on one's person
随手 - suí shǒu;conveniently
随意 - suí yì;as one wishes
岁月 - suì yuè;years
隧道 - suì dào;tunnel
损坏 - sǔn huài;to damage
索赔 - suǒ péi;to ask for compensation
索性 - suǒ xìng;you might as well (do it)
塌 - tā;collapse
踏实 - tā shi;practical
台风 - tái fēng;hurricane
太空 - tài kōng;outer space
泰斗 - tài dǒu;leading scholar of his time
瘫痪 - tān huàn;paralysis
贪婪 - tān lán;avaricious
贪污 - tān wū;corruption
摊儿 - tān r;erhua variant of 攤|摊[tān]
弹性 - tán xìng;flexibility
坦白 - tǎn bái;honest
探测 - tàn cè;to probe
探索 - tàn suǒ;to explore
探讨 - tàn tǎo;to investigate
探望 - tàn wàng;to visit
叹气 - tàn qì;to sigh
糖葫芦 - táng hú lu;sugar-coated Chinese hawthorn fruit on a stick
倘若 - tǎng ruò;provided that
掏 - tāo;variant of 掏[tāo]
滔滔不绝 - tāo tāo bù jué;unceasing torrent (idiom)
陶瓷 - táo cí;pottery and porcelain
淘气 - táo qì;naughty
淘汰 - táo tài;to wash out
讨价还价 - tǎo jià huán jià;to haggle over price
特长 - tè cháng;personal strength
特定 - tè dìng;special
特色 - tè sè;characteristic
提拔 - tí bá;to promote to a higher job
提炼 - tí liàn;to extract (ore
提示 - tí shì;to prompt
提议 - tí yì;proposal
题材 - tí cái;subject matter
体谅 - tǐ liàng;to empathize
体面 - tǐ miàn;dignity
体系 - tǐ xì;system
天才 - tiān cái;talent
天伦之乐 - tiān lún zhī lè;family love and joy
天然气 - tiān rán qì;natural gas
天生 - tiān shēng;nature
天堂 - tiān táng;paradise
天文 - tiān wén;astronomy
田径 - tián jìng;track and field (athletics)
舔 - tiǎn;to lick
挑剔 - tiāo ti;picky
条款 - tiáo kuǎn;clause (of contract or law)
条理 - tiáo lǐ;arrangement
条约 - tiáo yuē;treaty
调和 - tiáo hé;harmonious
调剂 - tiáo jì;to adjust
调节 - tiáo jié;to adjust
调解 - tiáo jiě;to mediate
调料 - tiáo liào;condiment
挑拨 - tiǎo bō;to incite disharmony
挑衅 - tiǎo xìn;to provoke
跳跃 - tiào yuè;to jump
停泊 - tíng bó;to anchor
停顿 - tíng dùn;to halt
停滞 - tíng zhì;stagnation
亭子 - tíng zi;pavilion
挺拔 - tǐng bá;tall and straight
通货 - tōng huò;currency
通俗 - tōng sú;common
通用 - tōng yòng;common (use)
铜矿 - tóng kuàng;Copper
同胞 - tóng bāo;born of the same parents
同志 - tóng zhì;comrade
童话 - tóng huà;children's fairy tales
统筹兼顾 - tǒng chóu jiān gù;an overall plan taking into account all factors
统计 - tǒng jì;statistics
统统 - tǒng tǒng;totally
投机 - tóu jī;to speculate (on financial markets)
投票 - tóu piào;to vote
投降 - tóu xiáng;to surrender
投掷 - tóu zhì;to throw sth a long distance
秃 - tū;bald
突破 - tū pò;to break through
图案 - tú àn;design
徒弟 - tú dì;apprentice
途径 - tú jìng;way
涂抹 - tú mǒ;to paint
土壤 - tǔ rǎng;soil
团结 - tuán jié;a rally
团体 - tuán tǐ;group
团圆 - tuán yuán;to have a reunion
推测 - tuī cè;speculation
推翻 - tuī fān;to overthrow
推理 - tuī lǐ;reasoning
推论 - tuī lùn;to infer
推销 - tuī xiāo;to market
吞咽 - tūn yàn;to swallow
脱离 - tuō lí;to separate oneself from
拖延 - tuō yán;to adjourn
托运 - tuō yùn;to consign (goods)
妥当 - tuǒ dang;appropriate
妥善 - tuǒ shàn;appropriate
妥协 - tuǒ xié;to compromise
椭圆 - tuǒ yuán;oval
唾沫 - tuò mo;spittle
挖掘 - wā jué;to excavate
娃娃 - wá wa;baby
瓦解 - wǎ jiě;to collapse
哇 - wa;replaces 啊 when following the vowel "u" or "ao"
歪曲 - wāi qū;to distort
外表 - wài biǎo;external
外行 - wài háng;layman
外界 - wài jiè;the outside world
外向 - wài xiàng;outward-looking
丸 - wán;pill
完备 - wán bèi;faultless
完毕 - wán bì;to finish
玩弄 - wán nòng;to play with
玩意儿 - wán yì r;erhua variant of 玩意[wán yì]
顽固 - wán gù;stubborn
顽强 - wán qiáng;tenacious
挽回 - wǎn huí;to retrieve
挽救 - wǎn jiù;to save
惋惜 - wǎn xī;to feel sorry for a person over sth that should have happened
万分 - wàn fēn;very much
往常 - wǎng cháng;habitually (in the past)
往事 - wǎng shì;past events
网络 - wǎng luò;network (computing
妄想 - wàng xiǎng;to attempt vainly
微不足道 - wēi bù zú dào;negligible
微观 - wēi guān;micro-
威风 - wēi fēng;might
威力 - wēi lì;might
威望 - wēi wàng;prestige
威信 - wēi xìn;prestige
危机 - wēi jī;crisis
违背 - wéi bèi;to violate
维持 - wéi chí;to keep
维生素 - wéi shēng sù;vitamin
维修 - wéi xiū;maintenance (of equipment)
唯独 - wéi dú;only
为难 - wéi nán;to feel embarrassed or awkward
为期 - wéi qī;(to be done) by (a certain date)
为首 - wéi shǒu;head
委员 - wěi yuán;committee member
伪造 - wěi zào;to forge
胃口 - wèi kǒu;appetite
位于 - wèi yú;to be located at
未免 - wèi miǎn;unavoidable
畏惧 - wèi jù;to fear
卫星 - wèi xīng;(space) satellite
慰问 - wèi wèn;to express sympathy
温带 - wēn dài;temperate zone
温和 - wēn hé;mild
文凭 - wén píng;diploma
文物 - wén wù;cultural relic
文献 - wén xiàn;document
文雅 - wén yǎ;elegant
文艺 - wén yì;literature and art
问世 - wèn shì;to be published
窝 - wō;nest
乌黑 - wū hēi;jet-black
污蔑 - wū miè;to slander
诬陷 - wū xiàn;to entrap
无比 - wú bǐ;incomparable
无偿 - wú cháng;free
无耻 - wú chǐ;without any sense of shame
无从 - wú cóng;not to have access
无动于衷 - wú dòng yú zhōng;aloof
无非 - wú fēi;only
无精打采 - wú jīng dǎ cǎi;dispirited and downcast (idiom); listless
无可奉告 - wú kě fèng gào;(idiom) "no comment"
无可奈何 - wú kě nài hé;have no way out
无赖 - wú lài;hoodlum
无理取闹 - wú lǐ qǔ nào;to make trouble without reason (idiom); to be deliberately provocative
无能为力 - wú néng wéi lì;impotent (idiom)
无穷无尽 - wú qióng wú jìn;vast and limitless (idiom); endless span of time
无微不至 - wú wēi bù zhì;in every possible way (idiom); meticulous
无忧无虑 - wú yōu wú lǜ;carefree and without worries (idiom)
无知 - wú zhī;ignorant
舞蹈 - wǔ dǎo;dance
武侠 - wǔ xiá;martial arts chivalry (Chinese literary
武装 - wǔ zhuāng;arms
侮辱 - wǔ rǔ;to insult
勿 - wù;do not
务必 - wù bì;must
务实 - wù shí;pragmatic
误差 - wù chā;difference
误解 - wù jiě;to misunderstand
物美价廉 - wù měi jià lián;good quality and cheap
物资 - wù zī;goods
溪 - xī;variant of 溪
膝盖 - xī gài;knee
熄灭 - xī miè;to stop burning
吸取 - xī qǔ;to absorb
昔日 - xī rì;formerly
牺牲 - xī shēng;to sacrifice oneself
夕阳 - xī yáng;sunset
媳妇 - xí fù;daughter-in-law
习俗 - xí sú;custom
袭击 - xí jī;attack (esp. surprise attack)
喜闻乐见 - xǐ wén lè jiàn;a delight to see (idiom); an attractive spectacle
喜悦 - xǐ yuè;happy
系列 - xì liè;series
细胞 - xì bāo;cell (biology)
细菌 - xì jūn;bacterium
细致 - xì zhì;delicate
霞 - xiá;red clouds
狭隘 - xiá ài;narrow
狭窄 - xiá zhǎi;narrow
峡谷 - xiá gǔ;canyon
夏令营 - xià lìng yíng;summer camp
下属 - xià shǔ;subordinate
先进 - xiān jìn;advanced (technology)
先前 - xiān qián;before
鲜明 - xiān míng;bright
掀起 - xiān qǐ;to lift
纤维 - xiān wéi;fiber
弦 - xián;bow string
嫌 - xián;to dislike
嫌疑 - xián yí;suspicion
闲话 - xián huà;digression
贤惠 - xián huì;chaste
衔接 - xián jiē;to join together
显著 - xiǎn zhù;outstanding
现场 - xiàn chǎng;lit. actual location
现成 - xiàn chéng;ready-made
现状 - xiàn zhuàng;current situation
宪法 - xiàn fǎ;constitution (of a country)
陷害 - xiàn hài;to entrap
陷入 - xiàn rù;to sink into
馅儿 - xiàn r;erhua variant of 餡|馅
线索 - xiàn suǒ;trail
相差 - xiāng chà;to differ
相等 - xiāng děng;equal
相辅相成 - xiāng fǔ xiāng chéng;to complement one another (idiom)
相应 - xiāng yìng;to correspond
镶嵌 - xiāng qiàn;to inlay
乡镇 - xiāng zhèn;village
想方设法 - xiǎng fāng shè fǎ;to think up every possible method (idiom); to devise ways and means
响亮 - xiǎng liàng;loud and clear
响应 - xiǎng yìng;respond to
巷 - xiàng;lane
向导 - xiàng dǎo;guide
向来 - xiàng lái;always (previously)
向往 - xiàng wǎng;to yearn for
消除 - xiāo chú;to eliminate
消毒 - xiāo dú;to disinfect
消防 - xiāo fáng;fire-fighting
消耗 - xiāo hào;to use up
消极 - xiāo jí;negative
销毁 - xiāo huǐ;to destroy (by melting or burning)
小心翼翼 - xiǎo xīn yì yì;cautious and solemn (idiom); very carefully
效益 - xiào yì;benefit
肖像 - xiào xiàng;portrait
携带 - xié dài;to carry (on one's person)
协会 - xié huì;an association
协商 - xié shāng;to consult with
协议 - xié yì;agreement
协助 - xié zhù;to provide assistance
写作 - xiě zuò;writing
屑 - xiè;bits
谢绝 - xiè jué;to refuse politely
泄露 - xiè lù;to leak (information)
泄气 - xiè qì;to leak (gas)
新陈代谢 - xīn chén dài xiè;metabolism (biology)
新郎 - xīn láng;bridegroom
新娘 - xīn niáng;bride
新颖 - xīn yǐng;lit. new bud
心得 - xīn dé;knowledge gained
心灵 - xīn líng;bright
心态 - xīn tài;attitude (of the heart)
心疼 - xīn téng;to love dearly
心血 - xīn xuè;heart's blood
心眼儿 - xīn yǎn r;one's thoughts
辛勤 - xīn qín;hardworking
欣慰 - xīn wèi;to be gratified
欣欣向荣 - xīn xīn xiàng róng;luxuriant growth (idiom); flourishing
薪水 - xīn shuǐ;salary
信赖 - xìn lài;to trust
信念 - xìn niàn;faith
信仰 - xìn yǎng;to believe in (a religion)
信誉 - xìn yù;prestige
腥 - xīng;fishy (smell)
兴隆 - xīng lóng;prosperous
兴旺 - xīng wàng;prosperous
行政 - xíng zhèng;administrative
形态 - xíng tài;shape
刑事 - xíng shì;criminal
性感 - xìng gǎn;sex appeal
性命 - xìng mìng;life
性能 - xìng néng;function
性情 - xìng qíng;nature
幸好 - xìng hǎo;fortunately
兴高采烈 - xīng gāo cǎi liè;happy and excited (idiom); in high spirits
兴致勃勃 - xìng zhì bó bó;to become exhilarated (idiom); in high spirits
胸怀 - xiōng huái;one's bosom (the seat of emotions)
胸膛 - xiōng táng;chest
凶恶 - xiōng è;variant of 兇惡|凶恶
凶手 - xiōng shǒu;murderer
雄厚 - xióng hòu;robust
修复 - xiū fù;to restore
修建 - xiū jiàn;to build
修理 - xiū lǐ;to repair
羞耻 - xiū chǐ;(a feeling of) shame
休养 - xiū yǎng;to recuperate
绣 - xiù;to embroider
嗅觉 - xiù jué;sense of smell
虚假 - xū jiǎ;false
虚荣 - xū róng;vanity
虚伪 - xū wěi;false
需求 - xū qiú;requirement
须知 - xū zhī;prerequisites
许可 - xǔ kě;to allow
酗酒 - xù jiǔ;heavy drinking
畜牧 - xù mù;to raise animals
序言 - xù yán;preface
宣誓 - xuān shì;to swear an oath (of office)
宣扬 - xuān yáng;to proclaim
悬挂 - xuán guà;to suspend
悬念 - xuán niàn;suspense in a movie
悬崖峭壁 - xuán yá qiào bì;sheer cliffs and precipitous rock faces (idiom)
旋律 - xuán lǜ;melody
旋转 - xuán zhuǎn;to rotate
选拔 - xuǎn bá;to select the best
选手 - xuǎn shǒu;athlete
削弱 - xuē ruò;to weaken
学历 - xué lì;educational background
学说 - xué shuō;theory
学位 - xué wèi;academic degree
雪上加霜 - xuě shàng jiā shuāng;to add hail to snow (idiom); one disaster on top of another
血压 - xuè yā;blood pressure
熏陶 - xūn táo;to seep in
循环 - xún huán;to cycle
循序渐进 - xún xù jiàn jìn;in sequence
巡逻 - xún luó;to patrol (police
寻觅 - xún mì;to look for
押金 - yā jīn;deposit
压迫 - yā pò;to oppress
压岁钱 - yā suì qián;money given to children as new year present
压缩 - yā suō;to compress
压抑 - yā yì;to constrain or repress emotions
压榨 - yā zhà;to press
压制 - yā zhì;to suppress
亚军 - yà jūn;second place (in a sports contest)
烟花 - yān huā;fireworks
淹没 - yān mò;to submerge
延期 - yán qī;to delay
延伸 - yán shēn;to extend
延续 - yán xù;to continue
严寒 - yán hán;bitter cold
严禁 - yán jìn;strictly prohibit
严峻 - yán jùn;grim
严厉 - yán lì;severe
严密 - yán mì;strict
沿海 - yán hǎi;coastal
言论 - yán lùn;speech
炎热 - yán rè;blistering hot
岩石 - yán shí;rock
演变 - yǎn biàn;to develop
演讲 - yǎn jiǎng;lecture
演习 - yǎn xí;maneuver
演绎 - yǎn yì;to deduce
演奏 - yǎn zòu;to play a musical instrument
掩盖 - yǎn gài;to conceal
掩护 - yǎn hù;to screen
掩饰 - yǎn shì;to conceal a fault
眼光 - yǎn guāng;gaze
眼色 - yǎn sè;a wink
眼神 - yǎn shén;expression or emotion showing in one's eyes
眼下 - yǎn xià;now
验收 - yàn shōu;to check on receipt
验证 - yàn zhèng;to inspect and verify
厌恶 - yàn wù;to loathe
氧气 - yǎng qì;oxygen
样品 - yàng pǐn;sample
摇摆 - yáo bǎi;to sway
摇滚 - yáo gǔn;to shake and boil
摇晃 - yáo huàng;to rock
遥控 - yáo kòng;remote control
遥远 - yáo yuǎn;distant
谣言 - yáo yán;rumor
咬牙切齿 - yǎo yá qiè chǐ;gnashing one's teeth (idiom); displaying extreme anger
要不然 - yào bù rán;otherwise
要点 - yào diǎn;main point
要命 - yào mìng;to cause sb's death
要素 - yào sù;essential factor
耀眼 - yào yǎn;to dazzle
野蛮 - yě mán;barbarous
野心 - yě xīn;ambition
一流 - yī liú;top quality
依次 - yī cì;in order
依旧 - yī jiù;as before
依据 - yī jù;according to
依靠 - yī kào;to rely on sth (for support etc)
依赖 - yī lài;to depend on
依托 - yī tuō;to rely on
衣裳 - yī shang;clothes
一度 - yī dù;for a time
一贯 - yī guàn;consistent
一律 - yī lǜ;same
一目了然 - yī mù liǎo rán;obvious at a glance (idiom)
一向 - yī xiàng;always (previously)
一再 - yī zài;repeatedly
遗产 - yí chǎn;heritage
遗传 - yí chuán;heredity
遗留 - yí liú;(leave or be a) legacy
遗失 - yí shī;to lose
疑惑 - yí huò;to doubt
仪器 - yí qì;instrument
仪式 - yí shì;ceremony
以便 - yǐ biàn;so that
以免 - yǐ miǎn;in order to avoid
以往 - yǐ wǎng;in the past
以至 - yǐ zhì;down to
以致 - yǐ zhì;to such an extent as to
亦 - yì;also
翼 - yì;wing
一帆风顺 - yī fān fēng shùn;propitious wind throughout the journey (idiom)
一举两得 - yī jǔ liǎng dé;one move
一如既往 - yī rú jì wǎng;just as in the past (idiom); as before
一丝不苟 - yī sī bù gǒu;not one thread loose (idiom); strictly according to the rules
异常 - yì cháng;exceptional
意料 - yì liào;to anticipate
意识 - yì shí;consciousness
意图 - yì tú;intent
意味着 - yì wèi zhe;to signify
意向 - yì xiàng;intention
意志 - yì zhì;will
毅力 - yì lì;perseverance
毅然 - yì rán;firmly
抑制 - yì zhì;to inhibit
阴谋 - yīn móu;plot
音响 - yīn xiǎng;speakers or speaker (electronic)
隐蔽 - yǐn bì;to conceal
隐患 - yǐn huàn;a danger concealed within sth
隐瞒 - yǐn mán;to conceal
隐私 - yǐn sī;secrets
隐约 - yǐn yuē;vague
引导 - yǐn dǎo;to guide
引擎 - yǐn qíng;engine (loanword)
引用 - yǐn yòng;to quote
饮食 - yǐn shí;food and drink
印刷 - yìn shuā;print
婴儿 - yīng ér;infant
英明 - yīng míng;wise
英勇 - yīng yǒng;bravery
迎面 - yíng miàn;directly
盈利 - yíng lì;profit
荧屏 - yíng píng;fluorescent screen
应酬 - yìng chou;social niceties
应邀 - yìng yāo;at sb's invitation
拥护 - yōng hù;to endorse
拥有 - yōng yǒu;to have
庸俗 - yōng sú;filthy
勇于 - yǒng yú;to dare to
永恒 - yǒng héng;eternal
涌现 - yǒng xiàn;to emerge in large numbers
踊跃 - yǒng yuè;to leap
用功 - yòng gōng;diligent
用户 - yòng hù;user
优胜劣汰 - yōu shèng liè tài;survival of the fittest (idiom)
优先 - yōu xiān;priority
优异 - yōu yì;exceptional
优越 - yōu yuè;superior
忧郁 - yōu yù;sullen
油腻 - yóu nì;grease
油漆 - yóu qī;oil paints
犹如 - yóu rú;similar to
有条不紊 - yǒu tiáo bù wěn;regular and thorough (idiom); methodically arranged
幼稚 - yòu zhì;young
诱惑 - yòu huò;to entice
愚蠢 - yú chǔn;silly
愚昧 - yú mèi;ignorant
舆论 - yú lùn;public opinion
渔民 - yú mín;fisherman
与日俱增 - yǔ rì jù zēng;to increase steadily
羽绒服 - yǔ róng fú;down-filled garment
予以 - yǔ yǐ;to give
愈 - yù;to heal
预料 - yù liào;to forecast
预期 - yù qī;to expect
预赛 - yù sài;preliminary competition
预算 - yù suàn;budget
预先 - yù xiān;beforehand
预言 - yù yán;to predict
预兆 - yù zhào;omen
欲望 - yù wàng;desire
寓言 - yù yán;fable
冤枉 - yuān wang;hatred
元首 - yuán shǒu;head of state
元素 - yuán sù;element
元宵节 - Yuán xiāo jié;Lantern Festival
圆满 - yuán mǎn;satisfactory
原告 - yuán gào;complainant
原理 - yuán lǐ;principle
原始 - yuán shǐ;first
原先 - yuán xiān;former
园林 - yuán lín;gardens
源泉 - yuán quán;fountainhead
约束 - yuē shù;to restrict
岳父 - yuè fù;wife's father
乐谱 - yuè pǔ;a musical score
熨 - yùn;an iron
蕴藏 - yùn cáng;to hold in store
运算 - yùn suàn;(mathematical) operation
运行 - yùn xíng;to be in motion
酝酿 - yùn niàng;(of alcohol) to ferment
孕育 - yùn yù;to be pregnant
砸 - zá;smash
杂技 - zá jì;acrobatics
杂交 - zá jiāo;a hybrid
咋 - zǎ;dialectal equivalent of 怎麼|怎么[zěn me]
灾难 - zāi nàn;disaster
栽培 - zāi péi;to grow
宰 - zǎi;to slaughter livestock
在乎 - zài hu;determined by
在意 - zài yì;to care about
再接再厉 - zài jiē zài lì;to continue the struggle (idiom); to persist
攒 - zǎn;to collect
赞叹 - zàn tàn;to sigh or gasp in admiration
赞同 - zàn tóng;to approve of
赞扬 - zàn yáng;to praise
赞助 - zàn zhù;to support
暂且 - zàn qiě;for now
糟蹋 - zāo tà;to waste
遭受 - zāo shòu;to suffer
遭殃 - zāo yāng;to suffer a calamity
遭遇 - zāo yù;to meet with
造反 - zào fǎn;to rebel
造型 - zào xíng;modeling
噪音 - zào yīn;rumble
责怪 - zé guài;to blame
贼 - zéi;thief
增添 - zēng tiān;to add
赠送 - zèng sòng;to present as a gift
渣 - zhā;slag (in mining or smelting)
扎 - zhā;to prick
扎实 - zhā shi;strong
眨 - zhǎ;to blink
诈骗 - zhà piàn;to defraud
摘要 - zhāi yào;summary
债券 - zhài quàn;bond
沾光 - zhān guāng;to bask in the light
瞻仰 - zhān yǎng;to revere
斩钉截铁 - zhǎn dīng jié tiě;to chop the nail and slice the iron (idiom); resolute and decisive
展示 - zhǎn shì;to reveal
展望 - zhǎn wàng;outlook
展现 - zhǎn xiàn;to come out
崭新 - zhǎn xīn;brand new
战斗 - zhàn dòu;to fight
战略 - zhàn lvè;strategy
战术 - zhàn shù;tactics
战役 - zhàn yì;military campaign
占据 - zhàn jù;to occupy
占领 - zhàn lǐng;to occupy (a territory)
占有 - zhàn yǒu;to have
章程 - zhāng chéng;rules
长辈 - zhǎng bèi;one's elders
障碍 - zhàng ài;barrier
帐篷 - zhàng peng;tent
招收 - zhāo shōu;to hire
招投标 - zhāo tóu biāo;bid inviting and bid offering
朝气蓬勃 - zhāo qì péng bó;full of youthful energy (idiom); vigorous
着迷 - zháo mí;to be fascinated
沼泽 - zhǎo zé;marsh
照料 - zhào liào;to tend
照样 - zhào yàng;as before
照耀 - zhào yào;to shine
照应 - zhào yìng;to correlate with
遮挡 - zhē dǎng;to shelter
折腾 - zhē teng;to toss from side to side (e.g. sleeplessly)
折 - zhé;variant of 折[zhé]
折磨 - zhé mó;to persecute
真相 - zhēn xiàng;the truth about sth
真挚 - zhēn zhì;sincere
珍贵 - zhēn guì;precious
珍稀 - zhēn xī;rare
珍珠 - zhēn zhū;pearl
侦探 - zhēn tàn;detective
斟酌 - zhēn zhuó;to consider
阵地 - zhèn dì;position
阵容 - zhèn róng;troop arrangement
镇定 - zhèn dìng;calm
镇静 - zhèn jìng;calm
镇压 - zhèn yā;suppression
振奋 - zhèn fèn;to stir oneself up
振兴 - zhèn xīng;to revive
震惊 - zhèn jīng;to shock
争端 - zhēng duān;dispute
争夺 - zhēng duó;to fight over
争气 - zhēng qì;to work hard for sth
争先恐后 - zhēng xiān kǒng hòu;striving to be first and fearing to be last (idiom); outdoing one another
争议 - zhēng yì;controversy
蒸发 - zhēng fā;to evaporate
征服 - zhēng fú;to conquer
征收 - zhēng shōu;to levy (a fine)
正月 - zhēng yuè;first month of the lunar year
挣扎 - zhēng zhá;to struggle
整顿 - zhěng dùn;to tidy up
正当 - zhèng dāng;honest
正负 - zhèng fù;positive and negative
正规 - zhèng guī;regular
正经 - zhèng jīng;decent
正气 - zhèng qì;healthy environment
正义 - zhèng yì;justice
政权 - zhèng quán;regime
证实 - zhèng shí;to confirm (sth to be true)
证书 - zhèng shū;credentials
郑重 - zhèng zhòng;serious
症状 - zhèng zhuàng;symptom (of an illness)
枝 - zhī;branch
支撑 - zhī chēng;to prop up
支出 - zhī chū;to spend
支流 - zhī liú;tributary (river)
支配 - zhī pèi;to control
支援 - zhī yuán;to provide assistance
支柱 - zhī zhù;mainstay
知觉 - zhī jué;perception
知足常乐 - zhī zú cháng lè;satisfied with what one has (idiom)
脂肪 - zhī fáng;body fat
直播 - zhí bō;live broadcast (not recorded)
值班 - zhí bān;to work a shift
殖民地 - zhí mín dì;colony
职能 - zhí néng;function
职位 - zhí wèi;post
职务 - zhí wù;post
指标 - zhǐ biāo;norm
指定 - zhǐ dìng;to appoint
指甲 - zhǐ jia;fingernail
指令 - zhǐ lìng;order
指南针 - zhǐ nán zhēn;compass
指示 - zhǐ shì;to point out
指望 - zhǐ wàng;to hope for sth
指责 - zhǐ zé;to criticize
治安 - zhì ān;law and order
治理 - zhì lǐ;to govern
制裁 - zhì cái;to punish
制订 - zhì dìng;to work out
制服 - zhì fú;to subdue
制约 - zhì yuē;to restrict
制止 - zhì zhǐ;to curb
致辞 - zhì cí;to express in words or writing
致力于 - zhì lì yú;Committed to
致使 - zhì shǐ;to cause
智力 - zhì lì;intelligence
智能 - zhì néng;intelligent
智商 - zhì shāng;IQ (intelligence quotient)
滞留 - zhì liú;to detain
志气 - zhì qì;ambition
忠诚 - zhōng chéng;devoted
忠实 - zhōng shí;faithful
终点 - zhōng diǎn;the end
终究 - zhōng jiū;in the end
终年 - zhōng nián;entire year
终身 - zhōng shēn;lifelong
终止 - zhōng zhǐ;to stop
中断 - zhōng duàn;to cut short
中立 - zhōng lì;neutral
中央 - zhōng yāng;central
衷心 - zhōng xīn;heartfelt
种子 - zhǒng zi;seed
种族 - zhǒng zú;race
肿瘤 - zhǒng liú;tumor
重心 - zhòng xīn;center of gravity
众所周知 - zhòng suǒ zhōu zhī;see 眾所周知|众所周知[zhòng suǒ zhōu zhī]
州 - zhōu;prefecture
舟 - zhōu;boat
粥 - zhōu;congee
周边 - zhōu biān;periphery
周密 - zhōu mì;careful
周年 - zhōu nián;anniversary
周期 - zhōu qī;period
周折 - zhōu zhé;complication
周转 - zhōu zhuǎn;turnover (in cash or personnel)
皱纹 - zhòu wén;wrinkle
昼夜 - zhòu yè;day and night
株 - zhū;tree trunk
诸位 - zhū wèi;(pron) everyone
逐年 - zhú nián;year after year
拄 - zhǔ;to lean on
主办 - zhǔ bàn;to organize
主导 - zhǔ dǎo;to lead
主管 - zhǔ guǎn;in charge
主流 - zhǔ liú;main stream (of a river)
主权 - zhǔ quán;sovereignty
主题 - zhǔ tí;theme
住宅 - zhù zhái;residence
注射 - zhù shè;injection
注视 - zhù shì;to watch attentively
注释 - zhù shì;marginal notes
注重 - zhù zhòng;to pay attention to
助理 - zhù lǐ;assistant
助手 - zhù shǒu;assistant
著作 - zhù zuò;to write
驻扎 - zhù zhā;to station
铸造 - zhù zào;to cast (pour metal into a mold)
拽 - zhuài;to pull
专长 - zhuān cháng;specialty
专程 - zhuān chéng;special-purpose trip
专科 - zhuān kē;specialized subject
专利 - zhuān lì;patent
专题 - zhuān tí;special topic
砖瓦 - zhuān wǎ;tiles and bricks
转达 - zhuǎn dá;to pass on
转让 - zhuǎn ràng;transfer (technology
转移 - zhuǎn yí;to shift
转折 - zhuǎn zhé;shift in the trend of events
传记 - zhuàn jì;biography
装备 - zhuāng bèi;equipment
装卸 - zhuāng xiè;to load or unload
庄严 - zhuāng yán;stately
庄重 - zhuāng zhòng;grave
幢 - zhuàng;classifier for buildings
壮观 - zhuàng guān;spectacular
壮丽 - zhuàng lì;magnificence
壮烈 - zhuàng liè;brave
追悼 - zhuī dào;to mourn
追究 - zhuī jiū;to investigate
准则 - zhǔn zé;norm
琢磨 - zhuó mó;to carve and polish (jade)
着手 - zhuó shǒu;to put one's hand to it
着想 - zhuó xiǎng;to give thought (to others)
着重 - zhuó zhòng;put emphasis on
卓越 - zhuó yuè;outstanding
资本 - zī běn;capital (economics)
资产 - zī chǎn;property
资深 - zī shēn;senior (in terms of depth of accumulated experience)
资助 - zī zhù;to subsidize
姿态 - zī tài;attitude
滋味 - zī wèi;taste
滋长 - zī zhǎng;to grow (usually of abstract things)
子弹 - zǐ dàn;bullet
字母 - zì mǔ;letter (of the alphabet)
自卑 - zì bēi;feeling inferior
自发 - zì fā;spontaneous
自力更生 - zì lì gēng shēng;regeneration through one's own effort (idiom)
自满 - zì mǎn;complacent
自主 - zì zhǔ;independent
踪迹 - zōng jì;tracks
宗旨 - zōng zhǐ;objective
棕色 - zōng sè;brown
总而言之 - zǒng ér yán zhī;in short
总和 - zǒng hé;sum
纵横 - zòng héng;lit. warp and weft in weaving; vertically and horizontal
走廊 - zǒu láng;corridor
走漏 - zǒu lòu;to leak (of information
走私 - zǒu sī;to smuggle
揍 - zòu;to beat up
租赁 - zū lìn;to rent
足以 - zú yǐ;sufficient to...
组 - zǔ;to form
阻碍 - zǔ ài;to obstruct
阻拦 - zǔ lán;to stop
阻挠 - zǔ náo;to thwart
祖父 - zǔ fù;father's father
钻研 - zuān yán;to study meticulously
钻石 - zuàn shí;diamond
嘴唇 - zuǐ chún;lip
尊严 - zūn yán;dignity
遵循 - zūn xún;to follow
左右 - zuǒ yòu;left and right
做东 - zuò dōng;to act as host
做主 - zuò zhǔ;make the decision
座右铭 - zuò yòu míng;motto
作弊 - zuò bì;to practice fraud
作废 - zuò fèi;to become invalid
作风 - zuò fēng;style
作息 - zuò xī;work and rest